producto_codigo,producto_nombre,codigo_softland,descripcion,cantidad,um,seccion,observaciones,plano,categoria
BATEA-305,BATEA 305 ECLH - CAÑO CUADRADO,07026,Tubo cuadrado nor fab 160x80x6.35 mm sin costura,12.0,MTS,"CAÑOS, TUBOS Y HIERROS","Tubo S/ Costura conformado, concetración de carbono 0,20% de 160X80x6,35mm de espesor x 12 metros",C/CORTES (ARSEMET/CUFER),HIERROS
BATEA-305,BATEA 305 ECLH - CAÑO CUADRADO,5075,"ESTRUCTURAL DE 80 X 40 X 3/16""",22.0,MTS,"CAÑOS, TUBOS Y HIERROS","Tubo C on Costura conformado, concetración de carbono 0,10 % de 80X40x 3/16""mm de espesor // .",,HIERROS
BATEA-305,BATEA 305 ECLH - CAÑO CUADRADO,5077,Tubo estructural de 100x60x6 mm,3.0,MTS,"CAÑOS, TUBOS Y HIERROS",TE-20 (Tubo Estructural con carbono 20%),,HIERROS
BATEA-305,BATEA 305 ECLH - CAÑO CUADRADO,370,Caño 60 (2500 mm de largo),28.0,UN,"CAÑOS, TUBOS Y HIERROS","Caño S/ Costura tipo petrolero (E235), concentración de carbono 0,20% de Ø 60.3X4,8mm de espesor",C/CORTES (ARSEMET/CUFER),HIERROS
BATEA-305,BATEA 305 ECLH - CAÑO CUADRADO,5054,Caño 73,14.0,MTS,"CAÑOS, TUBOS Y HIERROS","Caño S/ Costura tipo petrolero (E235), concentración de carbono 0,20%, Resistencia a la Tracción 650Mpa Ø73X5.5mm de espesor",,HIERROS
BATEA-305,BATEA 305 ECLH - CAÑO CUADRADO,5144,"Caño 60 x 60 x 4,75 mm",246.0,MTS,"CAÑOS, TUBOS Y HIERROS",SAE 1010 / IRAM-IAS ( U 500-2592 ),C/CORTES (ARSEMET/CUFER)contempla tiras de 6 mts,HIERROS
BATEA-305,BATEA 305 ECLH - CAÑO CUADRADO,5098,Caño 60 x 60 x 3.2 mm,108.0,MTS,"CAÑOS, TUBOS Y HIERROS",SAE 1010 / IRAM-IAS ( U 500-2592 ),C/CORTES (ARSEMET/CUFER),HIERROS
BATEA-305,BATEA 305 ECLH - CAÑO CUADRADO,5148,"Caño 120 x 60 x 4,75 mm",52.0,MTS,"CAÑOS, TUBOS Y HIERROS",SAE 1010 / IRAM-IAS ( U 500-2592 ),C/CORTES (ARSEMET/CUFER),HIERROS
BATEA-305,BATEA 305 ECLH - CAÑO CUADRADO,5162,"Tubo estructural de 30x30x 2 ,5 mm",18.0,MTS,"CAÑOS, TUBOS Y HIERROS",TE-20 (Tubo Estructural con carbono 20%),,HIERROS
BATEA-305,BATEA 305 ECLH - CAÑO CUADRADO,5164,Tubo estructural de 40x40x3.2 mm,78.0,MTS,"CAÑOS, TUBOS Y HIERROS",TE-20 (Tubo Estructural con carbono 20%) ( AJUSTADO REFORMA YARIS ),,HIERROS
BATEA-305,BATEA 305 ECLH - CAÑO CUADRADO,5101,Tubo estructural de 40x40x2 mm,12.0,MTS,"CAÑOS, TUBOS Y HIERROS",TE-20 (Tubo Estructural con carbono 20%),,HIERROS
BATEA-305,BATEA 305 ECLH - CAÑO CUADRADO,394,Tubo estructural de 40x20x2.5 mm,102.0,MTS,"CAÑOS, TUBOS Y HIERROS",TE-20 (Tubo Estructural con carbono 20%),Generar Codigo,HIERROS
BATEA-305,BATEA 305 ECLH - CAÑO CUADRADO,5070,"Tubo estructural de 100x40x 4,75 mm",24.0,MTS,"CAÑOS, TUBOS Y HIERROS",TE-20 (Tubo Estructural con carbono 20%),,HIERROS
BATEA-305,BATEA 305 ECLH - CAÑO CUADRADO,5099,Tubo estructural de 50x50x2.5 mm,9.0,MTS,"CAÑOS, TUBOS Y HIERROS",TE-20 (Tubo Estructural con carbono 20%),,HIERROS
BATEA-305,BATEA 305 ECLH - CAÑO CUADRADO,5100,Tubo estructural 80 x 80 x 6.35 mm,3.0,MTS,"CAÑOS, TUBOS Y HIERROS",TE-20 (Tubo Estructural con carbono 20%),,HIERROS
BATEA-305,BATEA 305 ECLH - CAÑO CUADRADO,5004,Hierro redondo de 8mm,1.0,MTS,"CAÑOS, TUBOS Y HIERROS",Grado 1009,,HIERROS
BATEA-305,BATEA 305 ECLH - CAÑO CUADRADO,5044,Hierro redondo de 12mm,1.0,MTS,"CAÑOS, TUBOS Y HIERROS",Grado 1016 A3,,HIERROS
BATEA-305,BATEA 305 ECLH - CAÑO CUADRADO,5009,Hierro redondo de 19mm (3/4),2.0,MTS,"CAÑOS, TUBOS Y HIERROS",SAE 1045,,HIERROS
BATEA-305,BATEA 305 ECLH - CAÑO CUADRADO,5011,Hierro redondo de 30mm (ENTRE 27 Y 30 MM),18.0,MTS,"CAÑOS, TUBOS Y HIERROS",SAE 1045,,HIERROS
BATEA-305,BATEA 305 ECLH - CAÑO CUADRADO,5150,Hierro UPN de 60mm,20.0,MTS,"CAÑOS, TUBOS Y HIERROS",IRAM-PNU 6 ( ajustado por refuerzo A2 ),,HIERROS
BATEA-305,BATEA 305 ECLH - CAÑO CUADRADO,5152,Hierro UPN de 40mm,3.0,MTS,"CAÑOS, TUBOS Y HIERROS",IRAM-PNU 4,,HIERROS
BATEA-305,BATEA 305 ECLH - CAÑO CUADRADO,5047,Schedul 80 42 mm diamero exterior x 32 mm de diametro interior,11.0,MTS,"CAÑOS, TUBOS Y HIERROS","ASTM A53, GR B ( Ajustado reforma Yaris )",,HIERROS
BATEA-305,BATEA 305 ECLH - CAÑO CUADRADO,5045,"Schedul 80 33,5 mm diametro exterior x 25,4 mm diametro interior",14.0,MTS,"CAÑOS, TUBOS Y HIERROS","ASTM A53, GR B",,HIERROS
BATEA-305,BATEA 305 ECLH - CAÑO CUADRADO,5010,Barra redonda de 22mm,36.0,MTS,"CAÑOS, TUBOS Y HIERROS",SAE 1045,,HIERROS
BATEA-305,BATEA 305 ECLH - CAÑO CUADRADO,5001,Barra redonda de 25mm,1.0,MTS,"CAÑOS, TUBOS Y HIERROS",SAE 1045,,HIERROS
BATEA-305,BATEA 305 ECLH - CAÑO CUADRADO,5172,Angulo de 1”x3/16”,2.0,MTS,"CAÑOS, TUBOS Y HIERROS",Material F24,,HIERROS
BATEA-305,BATEA 305 ECLH - CAÑO CUADRADO,5175,Angulo de 2”x1/4”,14.0,MTS,"CAÑOS, TUBOS Y HIERROS",Material F25,,HIERROS
BATEA-305,BATEA 305 ECLH - CAÑO CUADRADO,5197,"Chapas 14 ( 2,55 x 1,5 mts )",9.0,MTS,"CAÑOS, TUBOS Y HIERROS","Calidad Mín F-22, con 21% de Carbono",,HIERROS
BATEA-305,BATEA 305 ECLH - CAÑO CUADRADO,5192,Chapa semilla melon de 3/16 (1.5mts x 3mts),6.0,MTS,"CAÑOS, TUBOS Y HIERROS",SAE 1010,,HIERROS
BATEA-305,BATEA 305 ECLH - CAÑO CUADRADO,5114,"Planchuela de 1"" x 3/16""",18.0,MTS,"CAÑOS, TUBOS Y HIERROS",Material F24,,HIERROS
BATEA-305,BATEA 305 ECLH - CAÑO CUADRADO,5111,"Planchuela de 2"" ½ x 3/8""",18.0,MTS,"CAÑOS, TUBOS Y HIERROS",Material F24 ( ajustado por nervios en A4 ),,HIERROS
BATEA-305,BATEA 305 ECLH - CAÑO CUADRADO,5113,"Planchuela de 2"" x 3/16""",6.0,MTS,"CAÑOS, TUBOS Y HIERROS",Material F24,,HIERROS
BATEA-305,BATEA 305 ECLH - CAÑO CUADRADO,5115,"Planchuela de 2"" ½ x 3/16""",10.0,MTS,"CAÑOS, TUBOS Y HIERROS",Material F24,,HIERROS
BATEA-305,BATEA 305 ECLH - CAÑO CUADRADO,5106,"Planchuela de 4"" x 3/16 """,1.0,MTS,"CAÑOS, TUBOS Y HIERROS",Material F24,,HIERROS
BATEA-305,BATEA 305 ECLH - CAÑO CUADRADO,5112,"Planchuela de 1"" x 1/2""",10.0,MTS,"CAÑOS, TUBOS Y HIERROS",Material F24,,HIERROS
BATEA-305,BATEA 305 ECLH - CAÑO CUADRADO,5107,"Planchuela de 2"" ½ x ½ """,2.0,MTS,"CAÑOS, TUBOS Y HIERROS",Material F24 ( Ajustado por refuerzo A4 ),,HIERROS
BATEA-305,BATEA 305 ECLH - CAÑO CUADRADO,5110,"Planchuela de 4"" x 3/8""",6.0,MTS,"CAÑOS, TUBOS Y HIERROS",Material F24,,HIERROS
BATEA-305,BATEA 305 ECLH - CAÑO CUADRADO,6653,"CAÑOS DE LUZ 5/8"" sin pintar",3.0,MTS,"CAÑOS, TUBOS Y HIERROS","Caño C/ Costura, concentración de carbono 0,10% mod 19-1",,HIERROS
BATEA-305,BATEA 305 ECLH - CAÑO CUADRADO,2175 A,Piston doble efecto diametro exterior 60mm (Base epoxi poliuretano blanco),2.0,UN,"CAÑOS, TUBOS Y HIERROS",Ver largo niple de conexión minimo 20 mm ( ACTUAL ),305.11C.06.2175,CILINDROS
BATEA-305,BATEA 305 ECLH - CAÑO CUADRADO,2175 B,Piston doble efecto diametro exterior 60mm (Base epoxi poliuretano blanco),8.0,UN,"CAÑOS, TUBOS Y HIERROS",Ver largo niple de conexión minimo 20 mm ( MODIFICADO ENGANCHE CULATA ),,CILINDROS
BATEA-305,BATEA 305 ECLH - CAÑO CUADRADO,2176,Piston doble efecto diâmetro exterior 73mm (Base epoxi poliuretano blanco),6.0,UN,"CAÑOS, TUBOS Y HIERROS",,305.11C.06.2176,CILINDROS
BATEA-305,BATEA 305 ECLH - CAÑO CUADRADO,2241,"CILINDRO HIDRAULICO 2"" X 1350 X 31.75MM C/OJOS (Base epoxi poliuretano blanco)",1.0,UN,"CAÑOS, TUBOS Y HIERROS",Niple de conexion debe venir en el mismo sentido del buje de anclaje del cilindro .,305.11C.06.2241,CILINDROS
BATEA-305,BATEA 305 ECLH - CAÑO CUADRADO,2402,CILINDROS COMPENSADO 100 X 46 mm (Base epoxi poliuretano blanco),1.0,UN,"CAÑOS, TUBOS Y HIERROS","Estos cilindros se deben comprar al mismo proveedor, ya que corresponde a una pareja de cilindros.",,CILINDROS
BATEA-305,BATEA 305 ECLH - CAÑO CUADRADO,2403,CILINDROS COMPENSADO 111 X 48 mm (Base epoxi poliuretano blanco),1.0,UN,"CAÑOS, TUBOS Y HIERROS",,,CILINDROS
BATEA-305,BATEA 305 ECLH - CAÑO CUADRADO,2100 B,Cilindros 1735 Bandera B2 Nueva (Base epoxi poliuretano blanco),2.0,UN,"CAÑOS, TUBOS Y HIERROS",Segun planos,,CILINDROS
BATEA-305,BATEA 305 ECLH - CAÑO CUADRADO,2233,Cilindros 4 tramos,2.0,UN,"CAÑOS, TUBOS Y HIERROS",Segun planos,,CILINDROS
BATEA-305,BATEA 305 ECLH - CAÑO CUADRADO,05003,Rampa R1 F36 (Según desglose):,25.2,MTS,"CAÑOS, TUBOS Y HIERROS",Chapa F36 ( AJUSTADO REFORMA YARIS ) - Respetar planos y tramos del detalle debajo:,305.11C.06.05003,GUIAS RAMPAS Y PECHO
BATEA-305,BATEA 305 ECLH - CAÑO CUADRADO,,Plano A1,6.74,MTS,"CAÑOS, TUBOS Y HIERROS","2 Tramos de 0,75 mts (GRABADO ""FIJO A1"")",,FERRETERIA
BATEA-305,BATEA 305 ECLH - CAÑO CUADRADO,,Plano B1 A,2.5,MTS,"CAÑOS, TUBOS Y HIERROS","2 Tramos de 1,25 mts (GRABADO ""B1A"")",,FERRETERIA
BATEA-305,BATEA 305 ECLH - CAÑO CUADRADO,,Plano B2,6.12,MTS,"CAÑOS, TUBOS Y HIERROS","2 Tramos de 1,17 mts (GRABADO ""FIJO B2"")",,FERRETERIA
BATEA-305,BATEA 305 ECLH - CAÑO CUADRADO,,Plano Bajo B2 1,4.0,MTS,"CAÑOS, TUBOS Y HIERROS","2 Tramos de 2,00 mts (GRABADO ""FIJO BAJO B2 1"")",,FERRETERIA
BATEA-305,BATEA 305 ECLH - CAÑO CUADRADO,,Plano Bajo B2 2,4.6,MTS,"CAÑOS, TUBOS Y HIERROS","2 Tramos de 2,30 mts (GRABADO ""FIJO BAJO B2 2"")",,FERRETERIA
BATEA-305,BATEA 305 ECLH - CAÑO CUADRADO,,Plano Rampa Puente,4.86,MTS,"CAÑOS, TUBOS Y HIERROS","2 Tramos de 2,43 mts (GRABADO ""RAMPA PUENTE"")",,GUIAS RAMPAS Y PECHO
BATEA-305,BATEA 305 ECLH - CAÑO CUADRADO,,Plano B4,5.4,MTS,"CAÑOS, TUBOS Y HIERROS","2 Tramos de 2,70 mts (GRABADO ""B4"")",,FERRETERIA
BATEA-305,BATEA 305 ECLH - CAÑO CUADRADO,5046,RAMPA PLEGADO R9 UN NERVIO INVERTIDO (Según desglose):,29.38,MTS,"CAÑOS, TUBOS Y HIERROS",Chapa F36 - Respetar planos y tramos del detalle debajo:,,GUIAS RAMPAS Y PECHO
BATEA-305,BATEA 305 ECLH - CAÑO CUADRADO,,Plano A2,8.66,MTS,"CAÑOS, TUBOS Y HIERROS","2 Tramos de 4,33 mts (GRABADO ""A2"")",,FERRETERIA
BATEA-305,BATEA 305 ECLH - CAÑO CUADRADO,,Plano Piso Fijo A2,3.34,MTS,"CAÑOS, TUBOS Y HIERROS","2 Tramos de 1,67 mts (GRABADO ""PISO FIJJO A2"")",,FERRETERIA
BATEA-305,BATEA 305 ECLH - CAÑO CUADRADO,,Plano Piso Fijo A3,5.52,MTS,"CAÑOS, TUBOS Y HIERROS","2 Tramos de 2,76 mts (GRABADO ""PISO FIJO A3"")",,FERRETERIA
BATEA-305,BATEA 305 ECLH - CAÑO CUADRADO,,Plano A4,6.0,MTS,"CAÑOS, TUBOS Y HIERROS","2 Tramos de 3,00 mts (GRABADO ""A4"")",,FERRETERIA
BATEA-305,BATEA 305 ECLH - CAÑO CUADRADO,,Plano A5,7.82,MTS,"CAÑOS, TUBOS Y HIERROS","2 Tramos de 2,93 mts (GRABADO ""A5"")",,FERRETERIA
BATEA-305,BATEA 305 ECLH - CAÑO CUADRADO,05091,R2 RAMPAS DE 2730MM X 1.8MM DE ESPESOR,5.46,MTS,"CAÑOS, TUBOS Y HIERROS","Chapa Domex - 2 Tramos de 2,73 mts (GRABADO ""R2 - B1 B"")",305.11C.06.05091,GUIAS RAMPAS Y PECHO
BATEA-305,BATEA 305 ECLH - CAÑO CUADRADO,5038,R3 PATAS DESIGUALES RAMPA PLEGADA Y ABOCARDADA CHAPA F36 EN 1/8 ESPESOR S/PLANO (Según desglose):,9.68,MTS,"CAÑOS, TUBOS Y HIERROS",Chapa F36 - Respetar planos y tramos del detalle debajo:,305.11C.06.00101,GUIAS RAMPAS Y PECHO
BATEA-305,BATEA 305 ECLH - CAÑO CUADRADO,,Plano B5,6.6,MTS,"CAÑOS, TUBOS Y HIERROS","2 Tramos de 3,00 mts (GRABADO ""R3 PATA DESIGUAL B5"")",,FERRETERIA
BATEA-305,BATEA 305 ECLH - CAÑO CUADRADO,5039,R3 PATAS IGUALES RAMPA PLEGADA Y ABOCARDADA CHAPA F36 EN 1/8 ESPESOR S/PLANO,4.9,MTS,"CAÑOS, TUBOS Y HIERROS","Chapa F36 - 2 Tramos de 2,45 mts (GRABADO ""R. DE CARGA"")",305.11C.06.05089,GUIAS RAMPAS Y PECHO
BATEA-305,BATEA 305 ECLH - CAÑO CUADRADO,5119,R 10 PLEGADO Y ABOCARDADO SEGUN PLANO (RAMPA A1) (Según desglose):,5.84,MTS,"CAÑOS, TUBOS Y HIERROS",Chapa F36 de 1/8 de espesor - Respetar planos y tramos del detalle debajo:,,OXICORTE
BATEA-305,BATEA 305 ECLH - CAÑO CUADRADO,,Plano Fijo A1,0.6,MTS,"CAÑOS, TUBOS Y HIERROS","2 Tramos de 0,30 mts (GRABADO ""R10 Fijo A1)",,FERRETERIA
BATEA-305,BATEA 305 ECLH - CAÑO CUADRADO,05084,CHAPA PUNZONADA DE 1/8 De 300 MM x 2100 MM Chapa R8,4.2,MTS,"CAÑOS, TUBOS Y HIERROS","Chapa F36 - 2 Tramos de 2,10 mts (GRABADO ""PUNZONADO A1"")",,HIERROS
BATEA-305,BATEA 305 ECLH - CAÑO CUADRADO,5118,CHAPA PUNZONADA DE 1/8 DE 580MM X SEGÚN PLANO Chapa R7 (Según desglose):,9.62,MTS,"CAÑOS, TUBOS Y HIERROS",Chapa F36 1/8 Espesor - Respetar planos y tramos del detalle debajo:,,HIERROS
BATEA-305,BATEA 305 ECLH - CAÑO CUADRADO,,Plano B6,2.8,MTS,"CAÑOS, TUBOS Y HIERROS","2 Tramos de 1,40 mts (GRABADO ""RAMPA B6"")",,FERRETERIA
BATEA-305,BATEA 305 ECLH - CAÑO CUADRADO,,Plano FIJA B6,1.96,MTS,"CAÑOS, TUBOS Y HIERROS","2 Tramos de 0,98 mts (GRABADO ""RAMPA FIJA B6"")",,FERRETERIA
BATEA-305,BATEA 305 ECLH - CAÑO CUADRADO,,Plano A5 2,2.2,MTS,"CAÑOS, TUBOS Y HIERROS","2 tramos de 1,10 mts (GRABADO ""RAMPA Movil A5 2 )",,FERRETERIA
BATEA-305,BATEA 305 ECLH - CAÑO CUADRADO,05062,G1 PLEGADO Y PUNZONADO EN CHAPA SAE 1010 1/4 ESPESOR S/PLANO Version 3,6.6,MTS,"CAÑOS, TUBOS Y HIERROS","Chapa SAE 1010 en 2 tramos de 3,30 mts sin añadir con soldadura",Guia G1 Version 3,OXICORTE
BATEA-305,BATEA 305 ECLH - CAÑO CUADRADO,5094,G2 NUEVA VERSION,0.7,MTS,"CAÑOS, TUBOS Y HIERROS","Chapa SAE 1010 en 1 tramo de 0,70 mts",GUIA2 NUEVA VERSION,FERRETERIA
BATEA-305,BATEA 305 ECLH - CAÑO CUADRADO,5069,Guia G8,6.0,MTS,"CAÑOS, TUBOS Y HIERROS","Chapa SAE 1010 en 2 tramos de 3,00 mts",Guia G8,GUIAS RAMPAS Y PECHO
BATEA-305,BATEA 305 ECLH - CAÑO CUADRADO,395,G2 VIEJA VERSION,1.4,MTS,"CAÑOS, TUBOS Y HIERROS","Chapa SAE 1010 en 2 tramos de 0,70 mts",G2 VIEJA VERSION,FERRETERIA
BATEA-305,BATEA 305 ECLH - CAÑO CUADRADO,5093,Guia G4,11.32,MTS,"CAÑOS, TUBOS Y HIERROS","Chapa SAE 1010 en 4 trozos de 2,83 mts",Guia G4,GUIAS RAMPAS Y PECHO
BATEA-305,BATEA 305 ECLH - CAÑO CUADRADO,5317,Guia G5,11.32,MTS,"CAÑOS, TUBOS Y HIERROS","Chapa SAE 1010 en 4 trozos de 2,83 mts",Guia G5,GUIAS RAMPAS Y PECHO
BATEA-305,BATEA 305 ECLH - CAÑO CUADRADO,5026,Guia G9 (rampas de cola),0.78,MTS,"CAÑOS, TUBOS Y HIERROS","Chapa SAE 1010 en 2 tramos de 0,39 mts",Guia G9,GUIAS RAMPAS Y PECHO
BATEA-305,BATEA 305 ECLH - CAÑO CUADRADO,5146,Guia G10 nueva en bandera B2,7.66,MTS,"CAÑOS, TUBOS Y HIERROS","Chapa SAE 1010 en 2 tramos de 3,83 mts",Guia G10,GUIAS RAMPAS Y PECHO
BATEA-305,BATEA 305 ECLH - CAÑO CUADRADO,5147,Guia G11 interior de G10 (nueva en bandera B2),0.5,MTS,"CAÑOS, TUBOS Y HIERROS","Chapa SAE 1010 en 2 tramos de 0,25 mts",Guia G11,GUIAS RAMPAS Y PECHO
BATEA-305,BATEA 305 ECLH - CAÑO CUADRADO,5149,Manijon de Bandera B2,0.74,MTS,"CAÑOS, TUBOS Y HIERROS","En 3/8 de espesor en 2 tramos de 0,37 mts",Manijon de bandera B2,FERRETERIA
BATEA-305,BATEA 305 ECLH - CAÑO CUADRADO,5310,ATA LONA MANIJA,84.0,UN,"CAÑOS, TUBOS Y HIERROS",Grado 1009 SAE 1020,Ata Lona Manija,LONAS
BATEA-305,BATEA 305 ECLH - CAÑO CUADRADO,5309,ENGANCHE PARA LINGA (VIVORITA),10.0,UN,"CAÑOS, TUBOS Y HIERROS","Hierro Redondo de 12mm; Estructural 1/2 40x40x 3,2mm",Enganche para linga(Vivorita),FERRETERIA
BATEA-305,BATEA 305 ECLH - CAÑO CUADRADO,5169,CAJON DE HERRAMIENTAS,1.0,UN,"CAÑOS, TUBOS Y HIERROS",Chapa 14 SAE 1010,Cajon de Herramientas,FERRETERIA
BATEA-305,BATEA 305 ECLH - CAÑO CUADRADO,5156,PERFIL C EXTERIOR DE 23 X 41 X 112 X 41 X 23 ( Plegado G10 ),9.0,MTS,"CAÑOS, TUBOS Y HIERROS","Chapa F36 en 3 tramos de 3,00 mts",Plegado G10,OXICORTE
BATEA-305,BATEA 305 ECLH - CAÑO CUADRADO,5157,PERFIL C INTERIOR DE 23 X 30 X 101 X 30 X 23 ( Plegado G11 ),6.0,MTS,"CAÑOS, TUBOS Y HIERROS","Chapa F36 en 2 tramos de 3,00 mts",Plegado G11,OXICORTE
BATEA-305,BATEA 305 ECLH - CAÑO CUADRADO,5318,PARAGOLPE SEGUN PLEGADO (P1 + P2),1.0,JGO,"CAÑOS, TUBOS Y HIERROS",Chapa SAE 1010/ Chapa SAE 1010// corregir descripción . Conjunto P1 + P2,Plagado P1 - Paragolpe,OXICORTE
BATEA-305,BATEA 305 ECLH - CAÑO CUADRADO,5319,seguro de perno delantero y trasero plegado p4,2.0,UN,"CAÑOS, TUBOS Y HIERROS",Chapa 14 SAE 1010/ Chapa 14 SAE 1010,Plegado P4,OXICORTE
BATEA-305,BATEA 305 ECLH - CAÑO CUADRADO,5320,guardabarro plegado p5,2.0,UN,"CAÑOS, TUBOS Y HIERROS",Chapa 14 SAE 1010,Plegado P5 Guardabarro,GUARDAFANGOS
BATEA-305,BATEA 305 ECLH - CAÑO CUADRADO,5321 A,juego cartel superior plegado cartel p6,1.0,UN,"CAÑOS, TUBOS Y HIERROS",Chapa 14 SAE 1010 (DERECHO),Plegado P6 A,CALCOS Y CARTELES
BATEA-305,BATEA 305 ECLH - CAÑO CUADRADO,5321 B,juego cartel superior plegado cartel p6,1.0,UN,"CAÑOS, TUBOS Y HIERROS",Chapa 14 SAE 1010 (IZQUIERDO),Plegado P6 B,CALCOS Y CARTELES
BATEA-305,BATEA 305 ECLH - CAÑO CUADRADO,5173,Plegado Bowindous P10,1.0,UN,"CAÑOS, TUBOS Y HIERROS",Chapa 14 SAE 1010,Plegado Bowindous P10,OXICORTE
BATEA-305,BATEA 305 ECLH - CAÑO CUADRADO,5174,Plegado para botonera de comandos hidraulico ( cuerpo - lateral - frente ),1.0,JGO,"CAÑOS, TUBOS Y HIERROS",Chapa 14 SAE 1010,Botonera Cuerpo,OXICORTE
BATEA-305,BATEA 305 ECLH - CAÑO CUADRADO,5145 A,Plegado P12 ( A) 2.125 x 0.97,8.0,UN,"CAÑOS, TUBOS Y HIERROS",chapa 16 GALVANIZADA,Plegado P12A,OXICORTE
BATEA-305,BATEA 305 ECLH - CAÑO CUADRADO,5145 B,Plegado P12 (B) 2.125 x 1.010,8.0,UN,"CAÑOS, TUBOS Y HIERROS",chapa 16 GALVANIZADA,Plegado P12B,OXICORTE
BATEA-305,BATEA 305 ECLH - CAÑO CUADRADO,5333,Soporte rampa A4 - Placa 1,2.0,UN,"CAÑOS, TUBOS Y HIERROS",,Placa 1,GUIAS RAMPAS Y PECHO
BATEA-305,BATEA 305 ECLH - CAÑO CUADRADO,5334,Soporte rampa A4 - Placa 2,2.0,UN,"CAÑOS, TUBOS Y HIERROS",,Placa 2,GUIAS RAMPAS Y PECHO
BATEA-305,BATEA 305 ECLH - CAÑO CUADRADO,5335 A,"Soporte macizo para varilla diam 22 mm, para caño 60 (Orejas)",10.0,UN,"CAÑOS, TUBOS Y HIERROS",,Soporte de Macizo,HIERROS
BATEA-305,BATEA 305 ECLH - CAÑO CUADRADO,5335 B,"Soporte macizo para varilla diam 22 mm, para caño 73 (Orejas)",10.0,UN,"CAÑOS, TUBOS Y HIERROS",,,HIERROS
BATEA-305,BATEA 305 ECLH - CAÑO CUADRADO,5336,Perfil C (Guitarrita Rampa A1) (G12),4.0,MTS,"CAÑOS, TUBOS Y HIERROS",Dimensiones 120mm x 50mm alto en chapa de 3/2 en 2 tramo de 2 mts,Guitarrita Rampa A1,GUIAS RAMPAS Y PECHO
BATEA-305,BATEA 305 ECLH - CAÑO CUADRADO,2089,Valvula de 4 cuerpos (TODAS DOBLE EFECTO) Marca Venturi con accionamiento 1050 (nuevo),1.0,UN,"CAÑOS, TUBOS Y HIERROS",Comando de Caudal min. 35 l/min presion maxima 220 bar,,VALVULAS
BATEA-305,BATEA 305 ECLH - CAÑO CUADRADO,2090,"Valvula de 5 cuerpos (1ER CUERPO DE IZQ. A DER DE SIMPLE EFECTO, LAS 4 RESTANTES DE DOBLE EFECTO) Marca Venturi con accionamiento 1050 (nuevo)",1.0,UN,"CAÑOS, TUBOS Y HIERROS",Comando de Caudal min. 35 l/min presion maxima 220 bar,,VALVULAS
BATEA-305,BATEA 305 ECLH - CAÑO CUADRADO,2395,Valvula compensadora de presión,1.0,UN,"CAÑOS, TUBOS Y HIERROS","Presion de trabajo max 220 bar, 35 l/min presión.",,VALVULAS
BATEA-305,BATEA 305 ECLH - CAÑO CUADRADO,4232,Manometro para comandos hidraulicos Marca Beyca 0-400,2.0,UN,"CAÑOS, TUBOS Y HIERROS",Presion de trabajo max 220 bar,,HIDRAULICA
BATEA-305,BATEA 305 ECLH - CAÑO CUADRADO,2343,Adaptador 3/4 a 1/2 recto,2.0,UN,"CAÑOS, TUBOS Y HIERROS",,,HIDRAULICA
BATEA-305,BATEA 305 ECLH - CAÑO CUADRADO,1938,Anti vibratorios para caño de 5/8 (dobles) de serie livianos,10.0,UN,"CAÑOS, TUBOS Y HIERROS","Con union media en tornillo , con cuerpo extraible",Generar Codigo,HIERROS
BATEA-305,BATEA 305 ECLH - CAÑO CUADRADO,2283,"Electroválvula c/placa y solenoide , debe traer los enchufes",4.0,UN,"CAÑOS, TUBOS Y HIERROS",Caudal min.35 l/min Presión de trabajo 220 bar. Voltaje bobina 24V. Rosca 3/8 NPT. Con señal luminica de funcionamiento,,ELECTRICIDAD
BATEA-305,BATEA 305 ECLH - CAÑO CUADRADO,8011,CENTRAL HIDRAULICA DE 24 V.,1.0,UN,"CAÑOS, TUBOS Y HIERROS","Potencia 2.2KW, 125Am; Presión de Trabajo Máx 250bar; Caudal de la Bomba 27 lt/min Largo del chupador 100 mm , debe traer brida de anclaje",,HIDRAULICA
BATEA-305,BATEA 305 ECLH - CAÑO CUADRADO,8013,TANQUE PARA CENTRAL HIDRAULICA DE 60 LTS.,1.0,UN,"CAÑOS, TUBOS Y HIERROS",Ver plano,Tanque Hidráulico,HIDRAULICA
BATEA-305,BATEA 305 ECLH - CAÑO CUADRADO,2001,caño sin costura de 1/2,250.0,MTS,"CAÑOS, TUBOS Y HIERROS","Caño de Acero recocido, 12,7x1,5mm (ØXESPESOR)",,HIERROS
BATEA-305,BATEA 305 ECLH - CAÑO CUADRADO,2339,caño sin costura de 5/8,10.0,MTS,"CAÑOS, TUBOS Y HIERROS","Caño sin costura recocido de 5/8 de Ø Exterior 12,7mm y Ø Interior 0,9mm y de un Ø exterior de 11,8mm",,HIERROS
BATEA-305,BATEA 305 ECLH - CAÑO CUADRADO,2010,codo de 90º 1/2 npt por 1/2 tubo,10.0,UN,"CAÑOS, TUBOS Y HIERROS","Material Acero Forjado, 1/2 (14h) NPT a 1/2 (14H) Tubo, para Caño de 1/2 Tubo, para presión de trabajo hasta 210kg",,HIDRAULICA
BATEA-305,BATEA 305 ECLH - CAÑO CUADRADO,2015,codo de 90º x 3/8 npt a 1/2 tubo,50.0,UN,"CAÑOS, TUBOS Y HIERROS","Material Acero Forjado, 3/8 (18h) NPT a 1/2 (14h) Tubo, para Caño de 1/2 Tubo, para presión de trabajo hasta 210 kg",,HIDRAULICA
BATEA-305,BATEA 305 ECLH - CAÑO CUADRADO,2045,adaptador recto de 1/2 npt a 1/2 tubo,2.0,UN,"CAÑOS, TUBOS Y HIERROS","Material Acero, 1/2 (14h) NPT a 1/2(14h) Tubo, para Caño de 1/2 Tubo, para presión de trabajo hasta 210kg",,HIDRAULICA
BATEA-305,BATEA 305 ECLH - CAÑO CUADRADO,2364,"ADAPTADOR NPT 1/2, A TUBO MACHO GIRATORIA DE 1/2",1.0,UN,"CAÑOS, TUBOS Y HIERROS","Material Acero, 1/2 (14h) NPT a 1/2(14h) Tubo, para Caño de 1/2 Tubo, para presión de trabajo hasta 210kg",,HIDRAULICA
BATEA-305,BATEA 305 ECLH - CAÑO CUADRADO,2053,tee tubo 1/2,20.0,UN,"CAÑOS, TUBOS Y HIERROS","Material Acero Forjado, 1/2 tubo(14h) a Tubo 1/2(14h) , para Caño de 1/2 Tubo, para presión de trabajo hasta 210kg",,HIDRAULICA
BATEA-305,BATEA 305 ECLH - CAÑO CUADRADO,2133,virola 5/8 tubo,6.0,UN,"CAÑOS, TUBOS Y HIERROS","Material Acero, Virola de 5/8 Tubo, para presión de trabajo hasta 210kg",,HIDRAULICA
BATEA-305,BATEA 305 ECLH - CAÑO CUADRADO,,mang.H de 3/8. r2 de 2000mm de largo tuerca giratoria a tubo macho de 1/2,6.0,UN,"CAÑOS, TUBOS Y HIERROS","Manguera Hidráulica 100 R2A 3/8, . Presión de Trabajo 220bar; acople en el extremo1 con tuerca giratoria 1/2 Tubo y en extremo2 Macho fijo para Tubo 1/2",Generar Codigo,HIERROS
BATEA-305,BATEA 305 ECLH - CAÑO CUADRADO,2144,union 5/8 tubo - 5/8 tubo,2.0,UN,"CAÑOS, TUBOS Y HIERROS","Union 5/8 Tubo a 5/8 Tubo para Tuerca y Virola de 7/8 (14h), Material Acero para presión de trabajo hasta 210kg",,HIDRAULICA
BATEA-305,BATEA 305 ECLH - CAÑO CUADRADO,2149,tuerca 5/8 tubo,6.0,UN,"CAÑOS, TUBOS Y HIERROS","Material Acero, Tuerca para Tubo 5/8, 7/8 (14h) Tubo de 23mm de longitud, para presión de trabajo hasta 210kg",,HIERROS
BATEA-305,BATEA 305 ECLH - CAÑO CUADRADO,2160,acople rapido de 1/2 npt macho,3.0,UN,"CAÑOS, TUBOS Y HIERROS","Acople Rápido de 1/2 NPT Macho, Material Acero Forjado, Tipo de sello Bola, Presión de Trabajo 206bar; Caudal Máx 45l/min, apto para 210kg",,HIDRAULICA
BATEA-305,BATEA 305 ECLH - CAÑO CUADRADO,2161,acople rapido de 1/2 npt hembra,3.0,UN,"CAÑOS, TUBOS Y HIERROS","Acople Rápido de 1/2 NPT Hembra, Material Acero, Tipo de sello Bola, Presión de Trabajo 206bar; Caudal Máx 45l/min, apto para 210kg",,HIDRAULICA
BATEA-305,BATEA 305 ECLH - CAÑO CUADRADO,2204,virolas hidraulicas 1/2,150.0,UN,"CAÑOS, TUBOS Y HIERROS","Material Acero, Virola de 1/2 Tubo",,HIDRAULICA
BATEA-305,BATEA 305 ECLH - CAÑO CUADRADO,2212,tuerca de 1/2 hidraulica,150.0,UN,"CAÑOS, TUBOS Y HIERROS","Material Acero, Tuerca para Tubo 1/2, 3/4 (16h) Tubo de 21mm de longitud, para presión de trabajo hasta 210kg",,HIDRAULICA
BATEA-305,BATEA 305 ECLH - CAÑO CUADRADO,2216,mang.h. de 3/8 r2 800 mm de largo macho macho 1/2 tubo ( esta manguera deberia ser a medida exacto ),16.0,UN,"CAÑOS, TUBOS Y HIERROS","Manguera Hidráulica 100 R2A 3/8, Mín. Presión de Trabajo 220bar; acople en ambos extremos macho de 1/2",,HIDRAULICA
BATEA-305,BATEA 305 ECLH - CAÑO CUADRADO,02340,mang.h. de 3/8 r2 600 mm de largo macho macho 1/2 tubo ( esta manguera deberia ser a medida exacto ),2.0,UN,"CAÑOS, TUBOS Y HIERROS","Manguera Hidráulica 100 R2A 3/8, Mín. Presión de Trabajo 220bar; acople en ambos extremos para tubo 1/2 .",,HIDRAULICA
BATEA-305,BATEA 305 ECLH - CAÑO CUADRADO,2247,TE 3/8 NPT a 1/2 Tubo,4.0,UN,"CAÑOS, TUBOS Y HIERROS","Material Acero Forjado, 3/8 (18h) a 1/2 tubo (16h) para Tubo de 1/2, apto para 210kg",,HIERROS
BATEA-305,BATEA 305 ECLH - CAÑO CUADRADO,2331,manguera h de 3/8 r2 800 mm de largo( H_H ) con tuerca giratoria ambos extremos para1/2 tubo,6.0,UN,"CAÑOS, TUBOS Y HIERROS","Manguera Hidráulica 100 R2A 3/8, Mín. Presión de Trabajo 220bar; acople en ambos extremos con tuerca giratoria 3/4 tubo, para Tubo de 1/2 .",,HIDRAULICA
BATEA-305,BATEA 305 ECLH - CAÑO CUADRADO,,mang M / H 3/8 r2 con tuerca giratoria tubo. 800mm largo.,42.0,UN,"CAÑOS, TUBOS Y HIERROS","Manguera Hidráulica 100 R2A 3/8, Mín. Presión de Trabajo 220bar; acople en un extremos con tuerca giratoria 3/4 tubo, para Tubo de 1/2 ,otro extremo macho 3/4 UNF para tubo de media",,HIDRAULICA
BATEA-305,BATEA 305 ECLH - CAÑO CUADRADO,2413,manguera H 3/8 R2 600mm largo (H-H) c/tuerca giratoria ambos extremos para tubo de 1/2,12.0,UN,"CAÑOS, TUBOS Y HIERROS","Manguera Hidráulica 100 R2A 3/8, Mín. Presión de Trabajo 220bar; acople en ambos extremos con tuerca giratoria 3/4 tubo, para Tubo de 1/2",,HIDRAULICA
BATEA-305,BATEA 305 ECLH - CAÑO CUADRADO,02332,mang M/H. 3/8 r2 con tuerca giratoria tubo. 600mm largo.,16.0,UN,"CAÑOS, TUBOS Y HIERROS","Manguera Hidráulica 100 R2A 3/8, Mín. Presión de Trabajo 220bar; acople en el extremo1 con tuerca giratoria 3/4 Tubo y en extremo2 macho, rosca 3/4, para Tubo de 1/2 . Debe coincidir la rosca con la s",,HIDRAULICA
BATEA-305,BATEA 305 ECLH - CAÑO CUADRADO,,Tapon roscado de 1/4,2.0,UN,"CAÑOS, TUBOS Y HIERROS",Material : metalico,,HIDRAULICA
BATEA-305,BATEA 305 ECLH - CAÑO CUADRADO,,Tapon de 1/2,1.0,UN,"CAÑOS, TUBOS Y HIERROS",Material : metalico,,HIDRAULICA
BATEA-305,BATEA 305 ECLH - CAÑO CUADRADO,1200,"Cupla de 1 "" en acero galvanizado con 1 tapon plastico de pvc",1.0,UN,"CAÑOS, TUBOS Y HIERROS",Acero Galvanizado + plastico,,HIDRAULICA
BATEA-305,BATEA 305 ECLH - CAÑO CUADRADO,2147,Adapt 1/2 tubo x 7 / 8 UNF con oring,18.0,UN,"CAÑOS, TUBOS Y HIERROS",Metalico,,HIERROS
BATEA-305,BATEA 305 ECLH - CAÑO CUADRADO,2414,Adapt 3/8 NPT a 1/2 TUBO,12.0,UN,"CAÑOS, TUBOS Y HIERROS",Metalico,,HIERROS
BATEA-305,BATEA 305 ECLH - CAÑO CUADRADO,2415,Codo de 5/8 TUBO a 7/8 UNF,3.0,UN,"CAÑOS, TUBOS Y HIERROS",Metalico,,HIDRAULICA
BATEA-305,BATEA 305 ECLH - CAÑO CUADRADO,2416,Codo de 1/2 a 7/8 UNF,2.0,UN,"CAÑOS, TUBOS Y HIERROS",Metalico,,HIDRAULICA
BATEA-305,BATEA 305 ECLH - CAÑO CUADRADO,,Codo de 1/2 NPT ambos lados,2.0,UN,"CAÑOS, TUBOS Y HIERROS",Metalico,Generar Codigo,HIDRAULICA
BATEA-305,BATEA 305 ECLH - CAÑO CUADRADO,,codo de 1/2 tubo a 1/4 NPT,2.0,UN,"CAÑOS, TUBOS Y HIERROS",Metalico,Generar Codigo,HIDRAULICA
BATEA-305,BATEA 305 ECLH - CAÑO CUADRADO,,Union de tubo de 1/2,4.0,UN,"CAÑOS, TUBOS Y HIERROS",Metalico,Generar Codigo,HIDRAULICA
BATEA-305,BATEA 305 ECLH - CAÑO CUADRADO,,Buje reduccion 7/8 UNF a 1/4 NPT,2.0,UN,"CAÑOS, TUBOS Y HIERROS",Metalico,Generar Codigo,FRENO Y SUSPENSION
BATEA-305,BATEA 305 ECLH - CAÑO CUADRADO,1085,"Ejes tubulares rigido de 127mm o 17,5 mm , trocha 1840 , aplicacion semiremolque , sin soporte de elastico soldado ( vienen suelto ) registro automatico , con ABS , para llanta de acero de 10 agujeros",2.0,UN,"CAÑOS, TUBOS Y HIERROS","(homologado) trocha 1840 ( boero ) o 1820 ( GEC) Corona clavada , soporte de sensor soldado y registro de freno automatico. Con sensor. CON CERTIFICADO DE FABRICACIÓN SIN EXCEPCIÓN.",,EJES
BATEA-305,BATEA 305 ECLH - CAÑO CUADRADO,,Juego de Lonas Malla EN 2 TRAMOS POR LADO,1.0,UN,"CAÑOS, TUBOS Y HIERROS",En 2 tramos por lateral nuevo diseño,Generar Codigo,LONAS
BATEA-305,BATEA 305 ECLH - CAÑO CUADRADO,01055,Riel biselado x 6m,38.0,MTS,"CAÑOS, TUBOS Y HIERROS","Riel Biselado de Hierro Galvanizado, terminación chapa decapado",espera plano HBM,FERRETERIA
BATEA-305,BATEA 305 ECLH - CAÑO CUADRADO,6071,"LLANTA DISCO 10 AGUJEROS SIN CAMARA 22,50 X 7,50 C/VÁLVULAS INCLUIDAS",9.0,UN,"CAÑOS, TUBOS Y HIERROS","Llanta Disco de Acero con 10 agujeros sin cámara de 22,50"" X 7,50""",,LLANTAS
BATEA-305,BATEA 305 ECLH - CAÑO CUADRADO,6804,ABS 4S2M con conecciones electricas completas - sin sensores (Marca HALDEX),1.0,UN,"CAÑOS, TUBOS Y HIERROS",U-ABS,,FERRETERIA
BATEA-305,BATEA 305 ECLH - CAÑO CUADRADO,6805,"Acople rosca 3/8"" (para manguera de poliamida de Diam. 12 mm)",8.0,UN,"CAÑOS, TUBOS Y HIERROS",12 X 1.5 mm,BRONCE O ACERO,FRENO Y SUSPENSION
BATEA-305,BATEA 305 ECLH - CAÑO CUADRADO,4128,"Spring - Brake (30-30) con rosca de 3/8""",4.0,UN,"CAÑOS, TUBOS Y HIERROS",CON BLOQUEO,,FERRETERIA
BATEA-305,BATEA 305 ECLH - CAÑO CUADRADO,3849,Tanque de aire,1.0,UN,"CAÑOS, TUBOS Y HIERROS",(R-0805),,FRENO Y SUSPENSION
BATEA-305,BATEA 305 ECLH - CAÑO CUADRADO,3851,Tanque de aire,1.0,UN,"CAÑOS, TUBOS Y HIERROS",(R-0811),,FRENO Y SUSPENSION
BATEA-305,BATEA 305 ECLH - CAÑO CUADRADO,6806,Valvula de descarga de 4 vias,1.0,UN,"CAÑOS, TUBOS Y HIERROS",WABCO-9735000510 O REEMPLAZO,,VALVULAS
BATEA-305,BATEA 305 ECLH - CAÑO CUADRADO,6807,"Valvula de TRCM (Valvula de parqueo de 2 botones, Rojo-Negro)",1.0,UN,"CAÑOS, TUBOS Y HIERROS",KNORR BRENSE K020123N00/ HALDEX 352067161,,VALVULAS
BATEA-305,BATEA 305 ECLH - CAÑO CUADRADO,4169,Manguera Diam. 12 mm,100.0,MT,"CAÑOS, TUBOS Y HIERROS",12 X 1.5 mm,POLIAMIDA,HIDRAULICA
BATEA-305,BATEA 305 ECLH - CAÑO CUADRADO,4088,Manguera Diam. 8 mm,50.0,MT,"CAÑOS, TUBOS Y HIERROS",8 X 1 mm,POLIAMIDA,HIDRAULICA
BATEA-305,BATEA 305 ECLH - CAÑO CUADRADO,,"Corrugado Diam. 1"" 1/4""",20.0,MT,"CAÑOS, TUBOS Y HIERROS",PARA ABS,Generar Codigo,FERRETERIA
BATEA-305,BATEA 305 ECLH - CAÑO CUADRADO,4031,"Paso chapa 3/8""",2.0,UN,"CAÑOS, TUBOS Y HIERROS","Pasachapa con rosca Hembra de 3/8 GAS, Reduccion a 1/4 hembra",,HIERROS
BATEA-305,BATEA 305 ECLH - CAÑO CUADRADO,4218,"Manguera espiralada rosca 3/8"" - Marca RG (Pta amarilla) 4,5 MTS",1.0,UN,"CAÑOS, TUBOS Y HIERROS",Espiral conector de Poliamida Amarillo con conexiones de 3/8NPT de 4.5mts,,FRENO Y SUSPENSION
BATEA-305,BATEA 305 ECLH - CAÑO CUADRADO,4219,"Manguera espiralada rosca 3/8"" - Marca RG (Pta roja) 4,5 MTS",1.0,UN,"CAÑOS, TUBOS Y HIERROS",Espiral conector de Poliamida Rojo con conexiones de 3/8NPT de 4.5mts,,FRENO Y SUSPENSION
BATEA-305,BATEA 305 ECLH - CAÑO CUADRADO,4034,Pipeta FIAT - 2 Lineas macho (Todos rectos),2.0,UN,"CAÑOS, TUBOS Y HIERROS",Portamangueras 2L. Sin Racord recto con rosca 3/8 GAS,,FRENO Y SUSPENSION
BATEA-305,BATEA 305 ECLH - CAÑO CUADRADO,6809,"Codo rosca 3/8"" para manguera de poliamida diam 12 mm",1.0,UN,"CAÑOS, TUBOS Y HIERROS",CON VIROLA INCORPORADA O RAPIDO,BRONCE O ACERO,FRENO Y SUSPENSION
BATEA-305,BATEA 305 ECLH - CAÑO CUADRADO,6810,"Codo rosca 3/8"" para manguera de poliamida diam 8 mm",1.0,UN,"CAÑOS, TUBOS Y HIERROS",CON VIROLA INCORPORADA O RAPIDO,BRONCE O ACERO,FRENO Y SUSPENSION
BATEA-305,BATEA 305 ECLH - CAÑO CUADRADO,6811,"Acople rosca diam. 16 mm paso 1,5 mm - Para manguera de poliamida diam 12 mm",15.0,UN,"CAÑOS, TUBOS Y HIERROS",CON VIROLA INCORPORADA O RAPIDO,BRONCE O ACERO,FRENO Y SUSPENSION
BATEA-305,BATEA 305 ECLH - CAÑO CUADRADO,6812,"Acople rosca diam. 16 mm paso 1,5 mm - Para manguera de poliamida diam 8 mm",3.0,UN,"CAÑOS, TUBOS Y HIERROS",CON VIROLA INCORPORADA O RAPIDO,BRONCE O ACERO,FRENO Y SUSPENSION
BATEA-305,BATEA 305 ECLH - CAÑO CUADRADO,6813,"Acople rosca diam. 22 mm paso 1,5 mm - Para manguera de poliamida diam 8 mm",2.0,UN,"CAÑOS, TUBOS Y HIERROS",CON VIROLA INCORPORADA O RAPIDO,BRONCE O ACERO,FRENO Y SUSPENSION
BATEA-305,BATEA 305 ECLH - CAÑO CUADRADO,,Acople rosca diam 22 para poliamida de 16 mm,1.0,UN,"CAÑOS, TUBOS Y HIERROS",CON VIROLA INCORPORADA O RAPIDO,Generar Codigo,FRENO Y SUSPENSION
BATEA-305,BATEA 305 ECLH - CAÑO CUADRADO,6814,Manguera Diam. 16 mm,5.0,MT,"CAÑOS, TUBOS Y HIERROS",16 X 1.8 mm,BRONCE O ACERO,HIDRAULICA
BATEA-305,BATEA 305 ECLH - CAÑO CUADRADO,,Purgador de tanque a rosca 22 mm,2.0,UN,"CAÑOS, TUBOS Y HIERROS",,Generar Codigo,FERRETERIA
BATEA-305,BATEA 305 ECLH - CAÑO CUADRADO,,Tapon 22mm,1.0,UN,"CAÑOS, TUBOS Y HIERROS",BRONCE O ACERO,Generar Codigo,HIDRAULICA
BATEA-305,BATEA 305 ECLH - CAÑO CUADRADO,,Tapon 16mm,6.0,UN,"CAÑOS, TUBOS Y HIERROS",BRONCE O ACERO,Generar Codigo,HIDRAULICA
BATEA-305,BATEA 305 ECLH - CAÑO CUADRADO,1992,paquete de elasticos tipo montenegro de 56 kg para tren trasero 10 hojas,4.0,UN,"CAÑOS, TUBOS Y HIERROS",,305.11C.04.00001,FRENO Y SUSPENSION
BATEA-305,BATEA 305 ECLH - CAÑO CUADRADO,,Manotas TD tipo Hutch 75 (delanteras),2.0,UN,"CAÑOS, TUBOS Y HIERROS","CORRESPONDE A UN JUEGO, COMPRAR AL MISMO PROVEEDOR, NO DIVIDIR COMPRA",Generar Codigo,FERRETERIA
BATEA-305,BATEA 305 ECLH - CAÑO CUADRADO,,Manotas TD tipo Hutch 75 (traseras),2.0,UN,"CAÑOS, TUBOS Y HIERROS",,Generar Codigo,FERRETERIA
BATEA-305,BATEA 305 ECLH - CAÑO CUADRADO,,Manotas TD tipo Hutch 75 (centrales),2.0,UN,"CAÑOS, TUBOS Y HIERROS",,Generar Codigo,FERRETERIA
BATEA-305,BATEA 305 ECLH - CAÑO CUADRADO,4228,"Perno balancin HUTCH con tuerca y alemite de engrase ( Longuitud de pista 138 mm , Diam 58 mm )",3.0,UN,"CAÑOS, TUBOS Y HIERROS",Longitud de pista 138 mm,Generar Codigo,PERNOS
BATEA-305,BATEA 305 ECLH - CAÑO CUADRADO,4230,Balancin Fundicion con buje tipo Montenegro ( este buje debe coincidir con el diametro del perno ),3.0,UN,"CAÑOS, TUBOS Y HIERROS",,,PERNOS
BATEA-305,BATEA 305 ECLH - CAÑO CUADRADO,4148,Tensor Regulable con Buje,2.0,UN,"CAÑOS, TUBOS Y HIERROS",comprar a Luparini,,FRENO Y SUSPENSION
BATEA-305,BATEA 305 ECLH - CAÑO CUADRADO,4147,Tensor Fijo con Buje,2.0,UN,"CAÑOS, TUBOS Y HIERROS",Comprar a Luparini,,FRENO Y SUSPENSION
BATEA-305,BATEA 305 ECLH - CAÑO CUADRADO,1199,"Perno Tensor 1 "" x 6 "" PG",8.0,UN,"CAÑOS, TUBOS Y HIERROS",,,PERNOS
BATEA-305,BATEA 305 ECLH - CAÑO CUADRADO,246,"Tuercas autofrenantes 1"" PG",8.0,UN,"CAÑOS, TUBOS Y HIERROS",,,FERRETERIA
BATEA-305,BATEA 305 ECLH - CAÑO CUADRADO,7031,"Base tensora (soporte de elastico 75 mm reforzado para perno de 1"")",4.0,UN,"CAÑOS, TUBOS Y HIERROS",,,PERNOS
BATEA-305,BATEA 305 ECLH - CAÑO CUADRADO,7032,Guia de Abrazadera (superior de elastico de 75 mm),4.0,UN,"CAÑOS, TUBOS Y HIERROS",,,GUIAS RAMPAS Y PECHO
BATEA-305,BATEA 305 ECLH - CAÑO CUADRADO,7006,Abrazadera de elastico con tuerca de 7/8 y arandela,8.0,UN,"CAÑOS, TUBOS Y HIERROS",,,FRENO Y SUSPENSION
BATEA-305,BATEA 305 ECLH - CAÑO CUADRADO,241,Tuerca Alta,16.0,UN,"CAÑOS, TUBOS Y HIERROS",,,FERRETERIA
BATEA-305,BATEA 305 ECLH - CAÑO CUADRADO,8139,Plaqueta de elastico inferior para abrazadera de 75 mm,8.0,UN,"CAÑOS, TUBOS Y HIERROS",,,FRENO Y SUSPENSION
BATEA-305,BATEA 305 ECLH - CAÑO CUADRADO,347,Arandelas conicas,16.0,UN,"CAÑOS, TUBOS Y HIERROS",,,FERRETERIA
BATEA-305,BATEA 305 ECLH - CAÑO CUADRADO,,"Bulon cabeza hexagonal 5/8"" x 4 1/2"" NF",6.0,UN,"CAÑOS, TUBOS Y HIERROS","Paso fino, Calidad grado 8.8",Generar Codigo,FERRETERIA
BATEA-305,BATEA 305 ECLH - CAÑO CUADRADO,140,"Tuerca hexagonal 5/8"" NF",6.0,UN,"CAÑOS, TUBOS Y HIERROS","Paso fino, Calidad grado 8.8",,FERRETERIA
BATEA-305,BATEA 305 ECLH - CAÑO CUADRADO,1136,"Perno de arrastre de 2"" completo , incluye brida y tornillos con seguridad",1.0,UN,"CAÑOS, TUBOS Y HIERROS","SAE 1040/45, Dureza 40/55 HRC (HOMOLOGADO Y CERTIFICADO DE FABRICACION) Marca Luparini o Tormecan, ambas marcas aprobados.",,PERNOS
BATEA-305,BATEA 305 ECLH - CAÑO CUADRADO,1020,ppg hpc directo metal blanco en envases de 20 lts (Casablanca o calidad similar),120.0,LTS,"CAÑOS, TUBOS Y HIERROS",MARCA CASABLANCA SIN EXCEPCIÓN.,,FERRETERIA
BATEA-305,BATEA 305 ECLH - CAÑO CUADRADO,1022,FOSFATIZANTE,20.0,LTS,"CAÑOS, TUBOS Y HIERROS",,,FERRETERIA
BATEA-305,BATEA 305 ECLH - CAÑO CUADRADO,1106,ppg hpc directo metal negro en envases de 20 lts,20.0,LTS,"CAÑOS, TUBOS Y HIERROS",MARCA CASABLANCA SIN EXCEPCIÓN.,,FERRETERIA
BATEA-305,BATEA 305 ECLH - CAÑO CUADRADO,,"PINCELES 2"" SERIE 101 Nº 20",4.0,UN,"CAÑOS, TUBOS Y HIERROS",Pincel MC PIN V1 1405 N°20,Generar Codigo,FERRETERIA
BATEA-305,BATEA 305 ECLH - CAÑO CUADRADO,,RODILLO DE GOMA ESPUMA REVETIDO EN TELA,4.0,UN,"CAÑOS, TUBOS Y HIERROS","100 mm , con malla de tela exterior",Generar Codigo,FERRETERIA
BATEA-305,BATEA 305 ECLH - CAÑO CUADRADO,,LATAS DE 18 LTS AGUARRAS,36.0,LTS,"CAÑOS, TUBOS Y HIERROS",,Generar Codigo,FERRETERIA
BATEA-305,BATEA 305 ECLH - CAÑO CUADRADO,1130,PINTURA ROJO BRILLANTE,1.0,LTS,"CAÑOS, TUBOS Y HIERROS",EN LATAS DE 1 LTS C/U (TERSUAVE O SIMILAR),,PINTURA
BATEA-305,BATEA 305 ECLH - CAÑO CUADRADO,1140,PINTURA AMARILLA BRILLANTE,1.0,LTS,"CAÑOS, TUBOS Y HIERROS",EN LATAS DE 1 LTS C/U (TERSUAVE O SIMILAR),,PINTURA
BATEA-305,BATEA 305 ECLH - CAÑO CUADRADO,05085,PIEZA 2,2.0,UN,"CAÑOS, TUBOS Y HIERROS",Chapa SAE 1010 en 3/8 de espesor,PIEZA 2,OXICORTE
BATEA-305,BATEA 305 ECLH - CAÑO CUADRADO,,PIEZA 2B,2.0,UN,"CAÑOS, TUBOS Y HIERROS",Chapa SAE 1010 en 3/8 de espesor,Generar Codigo,OXICORTE
BATEA-305,BATEA 305 ECLH - CAÑO CUADRADO,05082,PIEZA 3,14.0,UN,"CAÑOS, TUBOS Y HIERROS",Chapa SAE 1010 en 1/4 de espesor,PIEZA 3,OXICORTE
BATEA-305,BATEA 305 ECLH - CAÑO CUADRADO,5087,PIEZA 4,6.0,UN,"CAÑOS, TUBOS Y HIERROS",Chapa SAE 1010 en 1/4 de espesor,PIEZA 4,OXICORTE
BATEA-305,BATEA 305 ECLH - CAÑO CUADRADO,05302,PIEZA 11,2.0,UN,"CAÑOS, TUBOS Y HIERROS",Chapa SAE 1010 en 3/8 de espesor,PIEZA 11,OXICORTE
BATEA-305,BATEA 305 ECLH - CAÑO CUADRADO,05095,PIEZA 13,10.0,UN,"CAÑOS, TUBOS Y HIERROS",Chapa SAE 1010 en 3/8 de espesor,PIEZA 13,OXICORTE
BATEA-305,BATEA 305 ECLH - CAÑO CUADRADO,05304,PIEZA 16,96.0,UN,"CAÑOS, TUBOS Y HIERROS",Chapa SAE 1010 en 3/8 de espesor ( MOD 30-01),PIEZA 16,OXICORTE
BATEA-305,BATEA 305 ECLH - CAÑO CUADRADO,05306,PIEZA 20,4.0,UN,"CAÑOS, TUBOS Y HIERROS",Chapa SAE 1010 en 3/8 de espesor,PIEZA 20,OXICORTE
BATEA-305,BATEA 305 ECLH - CAÑO CUADRADO,05307,PIEZA 21,4.0,UN,"CAÑOS, TUBOS Y HIERROS",Chapa SAE 1010 1/4 de espesor,PIEZA 21,OXICORTE
BATEA-305,BATEA 305 ECLH - CAÑO CUADRADO,5295,PIEZA 23,2.0,UN,"CAÑOS, TUBOS Y HIERROS",Chapa SAE 1010 en 1/4 de espesor,PIEZA 23,OXICORTE
BATEA-305,BATEA 305 ECLH - CAÑO CUADRADO,5297,PIEZA 25,4.0,UN,"CAÑOS, TUBOS Y HIERROS",Chapa SAE 1010 en 3/4 de espesor,PIEZA 25,OXICORTE
BATEA-305,BATEA 305 ECLH - CAÑO CUADRADO,5294,PIEZA 26,4.0,UN,"CAÑOS, TUBOS Y HIERROS",Chapa SAE 1010 en 1/4 de espesor,PIEZA 26,OXICORTE
BATEA-305,BATEA 305 ECLH - CAÑO CUADRADO,5291,PIEZA 29,2.0,UN,"CAÑOS, TUBOS Y HIERROS",Chapa SAE 1010 en 1/4 de espesor,PIEZA 29,OXICORTE
BATEA-305,BATEA 305 ECLH - CAÑO CUADRADO,5290,PIEZA 30,8.0,UN,"CAÑOS, TUBOS Y HIERROS",Chapa SAE 1010 en 1/4 de espesor,PIEZA 30,OXICORTE
BATEA-305,BATEA 305 ECLH - CAÑO CUADRADO,5289,PIEZA 31,4.0,UN,"CAÑOS, TUBOS Y HIERROS",Chapa SAE 1010 en 3/8 de espesor,PIEZA 31,OXICORTE
BATEA-305,BATEA 305 ECLH - CAÑO CUADRADO,5287,PIEZA 33,2.0,UN,"CAÑOS, TUBOS Y HIERROS",Chapa SAE 1010 en 3/8 de espesor,PIEZA 33,OXICORTE
BATEA-305,BATEA 305 ECLH - CAÑO CUADRADO,5286,PIEZA 34,2.0,UN,"CAÑOS, TUBOS Y HIERROS",Chapa SAE 1010 en 3/8 de espesor,PIEZA 34,OXICORTE
BATEA-305,BATEA 305 ECLH - CAÑO CUADRADO,5340,PIEZA 42,4.0,UN,"CAÑOS, TUBOS Y HIERROS",Chapa SAE 1010 en 1/4 de espesor,PIEZA 42,OXICORTE
BATEA-305,BATEA 305 ECLH - CAÑO CUADRADO,5341,PIEZA 47,8.0,UN,"CAÑOS, TUBOS Y HIERROS",Chapa SAE 1010 en 1/4 de espesor,PIEZA 47,OXICORTE
BATEA-305,BATEA 305 ECLH - CAÑO CUADRADO,5342,PIEZA 48 Hexanogo union en caños delantero altura pecho (segun planos),2.0,UN,"CAÑOS, TUBOS Y HIERROS",Chapa SAE 1010 en 1/4 de espesor,PIEZA 48,GUIAS RAMPAS Y PECHO
BATEA-305,BATEA 305 ECLH - CAÑO CUADRADO,5344,"PIEZA 49 placa de union de caños , parte superior del tren (segun planos)",6.0,UN,"CAÑOS, TUBOS Y HIERROS",Chapa SAE 1010 en 1/4 de espesor,PIEZA 49,OXICORTE
BATEA-305,BATEA 305 ECLH - CAÑO CUADRADO,5345,PIEZA 50 Placa union delantera de lateral de techo,2.0,UN,"CAÑOS, TUBOS Y HIERROS",Chapa SAE 1010 en 1/4 de espesor,PIEZA 50,OXICORTE
BATEA-305,BATEA 305 ECLH - CAÑO CUADRADO,5346,PIEZA 51 Placa union caños en techo,4.0,UN,"CAÑOS, TUBOS Y HIERROS",Chapa SAE 1010 en 1/4 de espesor,PIEZA 51,OXICORTE
BATEA-305,BATEA 305 ECLH - CAÑO CUADRADO,5347,PIEZA 52 Placa union en techo,2.0,UN,"CAÑOS, TUBOS Y HIERROS",Chapa SAE 1010 en 1/4 de espesor,PIEZA 52,OXICORTE
BATEA-305,BATEA 305 ECLH - CAÑO CUADRADO,5348,PIEZA 53,4.0,UN,"CAÑOS, TUBOS Y HIERROS",Chapa SAE 1010 en 1/4 de espesor,PIEZA 53,OXICORTE
BATEA-305,BATEA 305 ECLH - CAÑO CUADRADO,5349,PIEZA 54,2.0,UN,"CAÑOS, TUBOS Y HIERROS",Chapa SAE 1010 en 1/4 de espesor,PIEZA 54,OXICORTE
BATEA-305,BATEA 305 ECLH - CAÑO CUADRADO,5350,PIEZA 55 A,2.0,UN,"CAÑOS, TUBOS Y HIERROS",Chapa SAE 1010 en 3/ 8 de espesor,PIEZA 55,OXICORTE
BATEA-305,BATEA 305 ECLH - CAÑO CUADRADO,,PIEZA 55 B,2.0,UN,"CAÑOS, TUBOS Y HIERROS",Chapa SAE 1010 en 3/ 8 de espesor,Generar Codigo,OXICORTE
BATEA-305,BATEA 305 ECLH - CAÑO CUADRADO,5351,PIEZA 56,2.0,UN,"CAÑOS, TUBOS Y HIERROS",Chapa SAE 1010 en 3/ 8 de espesor,PIEZA 56,OXICORTE
BATEA-305,BATEA 305 ECLH - CAÑO CUADRADO,5352,PIEZA 57,2.0,UN,"CAÑOS, TUBOS Y HIERROS",Chapa SAE 1010 en 3/ 8 de espesor,PIEZA 57,OXICORTE
BATEA-305,BATEA 305 ECLH - CAÑO CUADRADO,5353,PIEZA 58,6.0,UN,"CAÑOS, TUBOS Y HIERROS",Chapa SAE 1010 en 3/ 8 de espesor,PIEZA 58,OXICORTE
BATEA-305,BATEA 305 ECLH - CAÑO CUADRADO,5354,PIEZA 59,4.0,UN,"CAÑOS, TUBOS Y HIERROS",Chapa SAE 1010 en 3/ 8 de espesor,PIEZA 59,OXICORTE
BATEA-305,BATEA 305 ECLH - CAÑO CUADRADO,5355,PIEZA 60,4.0,UN,"CAÑOS, TUBOS Y HIERROS",Chapa SAE 1010 en 3/ 8 de espesor,PIEZA 60,OXICORTE
BATEA-305,BATEA 305 ECLH - CAÑO CUADRADO,5356,PIEZA 61,2.0,UN,"CAÑOS, TUBOS Y HIERROS",CHAPA 14,PIEZA 61,OXICORTE
BATEA-305,BATEA 305 ECLH - CAÑO CUADRADO,5357,PIEZA 62,1.0,UN,"CAÑOS, TUBOS Y HIERROS",CHAPA 14,PIEZA 62,OXICORTE
BATEA-305,BATEA 305 ECLH - CAÑO CUADRADO,6029,PIEZA 63,6.0,UN,"CAÑOS, TUBOS Y HIERROS",Chapa SAE 1010 en 1/4 de espesor,PIEZA 63,OXICORTE
BATEA-305,BATEA 305 ECLH - CAÑO CUADRADO,6030,PIEZA 64,2.0,UN,"CAÑOS, TUBOS Y HIERROS",Chapa SAE 1010 en 3/ 8 de espesor,PIEZA 64,OXICORTE
BATEA-305,BATEA 305 ECLH - CAÑO CUADRADO,6031,PIEZA 65,2.0,UN,"CAÑOS, TUBOS Y HIERROS",Traba rampa guia G10(diente) Chapa SAE 1010 en 3/ 8 de espesor,PIEZA 65,OXICORTE
BATEA-305,BATEA 305 ECLH - CAÑO CUADRADO,6032,PIEZA 66,2.0,UN,"CAÑOS, TUBOS Y HIERROS",Traba rampa guia G10(diente) Chapa SAE 1010 en 3/ 8 de espesor,PIEZA 66,OXICORTE
BATEA-305,BATEA 305 ECLH - CAÑO CUADRADO,,PIEZA 67,2.0,UN,"CAÑOS, TUBOS Y HIERROS",Escuadra de Rampa A5 en elevacion ( chapa 1010 en 1/4 de espesor,GENERAR CODIGO,OXICORTE
BATEA-305,BATEA 305 ECLH - CAÑO CUADRADO,,PIEZA 68,2.0,UN,"CAÑOS, TUBOS Y HIERROS",Planchuela lateral del tren rodante / union con semilla de melon en chapa sae 1010 3/8 de espesor.,GENERAR CODIGO,OXICORTE
BATEA-305,BATEA 305 ECLH - CAÑO CUADRADO,,PIEZA 69,1.0,UN,"CAÑOS, TUBOS Y HIERROS",Planchuela delantera de comando ABS ( chapa 1010 en 1/4 espesor ),GENERAR CODIGO,OXICORTE
BATEA-305,BATEA 305 ECLH - CAÑO CUADRADO,,PIEZA 70,1.0,UN,"CAÑOS, TUBOS Y HIERROS",Planchuela SAE 1010 de 1/4 de espesor/ soporte medio en tanque,GENERAR CODIGO,OXICORTE
BATEA-305,BATEA 305 ECLH - CAÑO CUADRADO,05096,PLEGADO 14,2.0,UN,"CAÑOS, TUBOS Y HIERROS",CHAPA 1/8,PLEGADO 14,OXICORTE
BATEA-305,BATEA 305 ECLH - CAÑO CUADRADO,05097,PLEGADO 15,2.0,UN,"CAÑOS, TUBOS Y HIERROS",Chapa SAE 1010 en 3/ 8 de espesor,PLEGADO 15,OXICORTE
BATEA-305,BATEA 305 ECLH - CAÑO CUADRADO,05098,PLEGADO 16 ( porta luz superior de batea ),2.0,UN,"CAÑOS, TUBOS Y HIERROS",Chapa SAE 1010 en 2 mm ( Chapa 14 ),PLEGADO 16,OXICORTE
BATEA-305,BATEA 305 ECLH - CAÑO CUADRADO,5359,PLEGADO 17 (triangulo delantero),2.0,UN,"CAÑOS, TUBOS Y HIERROS",Chapa SAE 1010 en 2 mm ( Chapa 14 ),PLEGADO 17,OXICORTE
BATEA-305,BATEA 305 ECLH - CAÑO CUADRADO,5360,PLEGADO 18 (porta farol bajo),9.0,UN,"CAÑOS, TUBOS Y HIERROS",Chapa SAE 1010 en 2 mm ( Chapa 14 ),PLEGADO 18,OXICORTE
BATEA-305,BATEA 305 ECLH - CAÑO CUADRADO,5361,PLEGADO 19 (porta farol alto),5.0,UN,"CAÑOS, TUBOS Y HIERROS",Chapa SAE 1010 en 2 mm ( Chapa 14 ),PLEGADO 19,OXICORTE
BATEA-305,BATEA 305 ECLH - CAÑO CUADRADO,5362,PLEGADO 20 ( porta fusilera ),1.0,UN,"CAÑOS, TUBOS Y HIERROS",Chapa SAE 1010 en 2 mm ( Chapa 14 ),PLEGADO 20,OXICORTE
BATEA-305,BATEA 305 ECLH - CAÑO CUADRADO,,PLEGADO 27 ( Base de piston en rampa A2 ),4.0,UN,PLEGADO 26 ( Soporte caja distribuidora),Chapa Sae 1010 - Espesor 3/8 ( base de piston en rampa A2/A4,,GUIAS RAMPAS Y PECHO
BATEA-305,BATEA 305 ECLH - CAÑO CUADRADO,,PLEGADO 28 ( Soporte de Calzas ),2.0,UN,PLEGADO 26 ( Soporte caja distribuidora),,,OXICORTE
BATEA-305,BATEA 305 ECLH - CAÑO CUADRADO,6817,Mazo electrico conexión batea 305 ECLH,1.0,UN,PLEGADO 26 ( Soporte caja distribuidora),Proveedor: 1° VULCANO / 2° GRUPO LURO,,FERRETERIA
BATEA-305,BATEA 305 ECLH - CAÑO CUADRADO,6545,Cable tipo taller 7x1,10.0,MTS,PLEGADO 26 ( Soporte caja distribuidora),Cable tipo taller envainado 7x1,,ELECTRICIDAD
BATEA-305,BATEA 305 ECLH - CAÑO CUADRADO,6538,Ojo de gato chico 1041 (color ambar),16.0,UN,PLEGADO 26 ( Soporte caja distribuidora),Bailms 1041,,FERRETERIA
BATEA-305,BATEA 305 ECLH - CAÑO CUADRADO,6519,Enchufe eléctrico 7 Hembra (negros tipo brasilero),1.0,UN,PLEGADO 26 ( Soporte caja distribuidora),Toma Corriente de 7 pines,,ELECTRICIDAD
BATEA-305,BATEA 305 ECLH - CAÑO CUADRADO,,Termocontraible DIAM .4.8,8.0,MTS,PLEGADO 26 ( Soporte caja distribuidora),Para cable de 4 mm,Generar Codigo,FERRETERIA
BATEA-305,BATEA 305 ECLH - CAÑO CUADRADO,,Fusible 7.5A,8.0,UN,PLEGADO 26 ( Soporte caja distribuidora),,Generar Codigo,ELECTRICIDAD
BATEA-305,BATEA 305 ECLH - CAÑO CUADRADO,6613,cable 2x1 taller metro negro,100.0,MTS,PLEGADO 26 ( Soporte caja distribuidora),Cable tipo taller envainado 2x1 Negro,,ELECTRICIDAD
BATEA-305,BATEA 305 ECLH - CAÑO CUADRADO,6661,micro contacto M300 normal abierto,2.0,UN,PLEGADO 26 ( Soporte caja distribuidora),"Micro m-300, tipo 1 NA (Nomal; Abierto)",,FERRETERIA
BATEA-305,BATEA 305 ECLH - CAÑO CUADRADO,6658,CAJA ESTANCA 1 X,1.0,UN,PLEGADO 26 ( Soporte caja distribuidora),Caja para Botonera y Empalme Estanca A1X con 1 perforacion Ø22mm,,FERRETERIA
BATEA-305,BATEA 305 ECLH - CAÑO CUADRADO,6618,Terminal N915 x display 200u Pala Hembra,24.0,UN,PLEGADO 26 ( Soporte caja distribuidora),Terminal Eléctrico Hembra de Latón X9 N915,,ELECTRICIDAD
BATEA-305,BATEA 305 ECLH - CAÑO CUADRADO,,"Caja Estanca con 2 entradas y prensa cable en 2 entradas , debe caber la fusilera de 6 elementos",1.0,UN,PLEGADO 26 ( Soporte caja distribuidora),"En poliuretano con oring en tapa , 2 perforaciones diam 22 mm",Generar Codigo,ELECTRICIDAD
BATEA-305,BATEA 305 ECLH - CAÑO CUADRADO,6657,TERMINAL PARA CABLE 35 X 1,6.0,UN,PLEGADO 26 ( Soporte caja distribuidora),Terminal Eléctrico de Cobre con terminación Estañio para cable de 35x1 CON DIAMETRO DE OJAL DE 10 MM,,ELECTRICIDAD
BATEA-305,BATEA 305 ECLH - CAÑO CUADRADO,06530,CABLE DE 1 X 1 NORMALIZADO ENVAINADO,1.0,MTS,PLEGADO 26 ( Soporte caja distribuidora),Cable tipo Taller 1x1 Normalizado Envainado,,ELECTRICIDAD
BATEA-305,BATEA 305 ECLH - CAÑO CUADRADO,,Baimil 3000 E - AU AMBAR,2.0,UN,PLEGADO 26 ( Soporte caja distribuidora),Bailms 3000 E -AU - LED color ambar,Generar Codigo,ELECTRICIDAD
BATEA-305,BATEA 305 ECLH - CAÑO CUADRADO,,Baimil 3000 E - RB ROJO,4.0,UN,PLEGADO 26 ( Soporte caja distribuidora),Bailms 3000 E -RB - LED color rojo,Generar Codigo,ELECTRICIDAD
BATEA-305,BATEA 305 ECLH - CAÑO CUADRADO,,Baimil 3030 E Rojo,5.0,UN,PLEGADO 26 ( Soporte caja distribuidora),Baimil luces Led ( ajustado LCM ),Generar Codigo,ELECTRICIDAD
BATEA-305,BATEA 305 ECLH - CAÑO CUADRADO,,Baimil 3030 E Ambar,19.0,UN,PLEGADO 26 ( Soporte caja distribuidora),Baimil luces Led ( ajustado LCM ),Generar Codigo,ELECTRICIDAD
BATEA-305,BATEA 305 ECLH - CAÑO CUADRADO,,Baimil 3030 E Cristal,5.0,UN,PLEGADO 26 ( Soporte caja distribuidora),Baimil luces Led ( ajustado LCM ),Generar Codigo,ELECTRICIDAD
BATEA-305,BATEA 305 ECLH - CAÑO CUADRADO,6644,Baimil 603 E Cristal,8.0,UN,PLEGADO 26 ( Soporte caja distribuidora),Baimil luces Led ( alumbra patente y cartel reglamentario,,ELECTRICIDAD
BATEA-305,BATEA 305 ECLH - CAÑO CUADRADO,6645,Baimil 1035 E Ambar,6.0,UN,PLEGADO 26 ( Soporte caja distribuidora),Baimil luces Led,,ELECTRICIDAD
BATEA-305,BATEA 305 ECLH - CAÑO CUADRADO,6647,Baimil 900 R_R ( Reflector triangular color rojo ),2.0,UN,PLEGADO 26 ( Soporte caja distribuidora),Reflectivo,,ELECTRICIDAD
BATEA-305,BATEA 305 ECLH - CAÑO CUADRADO,,Marco luces MT3 3000 E Marca Baimil ( R-R-A),2.0,UN,PLEGADO 26 ( Soporte caja distribuidora),( bastidor con luces incorporadas / atornilladas ),Generar Codigo,ELECTRICIDAD
BATEA-305,BATEA 305 ECLH - CAÑO CUADRADO,,Pulsador de contacto normal abierto tipo ABB negro 20 Amperes,8.0,UN,PLEGADO 26 ( Soporte caja distribuidora),Tipo Robotica con pulsador embutido 1SFA619100R1016 ABB,Generar Codigo,FERRETERIA
BATEA-305,BATEA 305 ECLH - CAÑO CUADRADO,,Pulsador de contacto normal abierto tipo ABB amarillo 20 Amperes,2.0,UN,PLEGADO 26 ( Soporte caja distribuidora),Tipo Robotica con pulsador embutido 1SFA619100R1016 ABB,Generar Codigo,FERRETERIA
BATEA-305,BATEA 305 ECLH - CAÑO CUADRADO,6524,Corrugado negro de 5/8 con corte lateral,100.0,MTS,PLEGADO 26 ( Soporte caja distribuidora),Plastico PVC,,FERRETERIA
BATEA-305,BATEA 305 ECLH - CAÑO CUADRADO,,Iodo de 10 Amperes,10.0,UN,PLEGADO 26 ( Soporte caja distribuidora),1000 volt,Generar Codigo,FERRETERIA
BATEA-305,BATEA 305 ECLH - CAÑO CUADRADO,6660,Botonera 1000 NAEA,2.0,UN,PLEGADO 26 ( Soporte caja distribuidora),"Botonera AEA 1000N, Material Plástico de Ø22mm",,FERRETERIA
BATEA-305,BATEA 305 ECLH - CAÑO CUADRADO,,BAIMIL 1035 color verde con lampara,1.0,UN,PLEGADO 26 ( Soporte caja distribuidora),BAIMIL 1035 verde con lampara LED,Generar Codigo,ELECTRICIDAD
BATEA-305,BATEA 305 ECLH - CAÑO CUADRADO,6818,Terminal redondo 10 mm (Tipo Baud-Mol),3.0,UN,PLEGADO 26 ( Soporte caja distribuidora),,,ELECTRICIDAD
BATEA-305,BATEA 305 ECLH - CAÑO CUADRADO,6819,Terminal redondo 7 mm (Tipo Baud-Mol),8.0,UN,PLEGADO 26 ( Soporte caja distribuidora),,,ELECTRICIDAD
BATEA-305,BATEA 305 ECLH - CAÑO CUADRADO,6003,Perno con cadmiado. Según plano. delantero Nueva version cambia longuitud ver planos CADMIADO,4.0,UN,PLEGADO 26 ( Soporte caja distribuidora),Tornero Viva la patria. adrianvivalapatria@live.com.ar,305.11C.06.6003,PERNOS
BATEA-305,BATEA 305 ECLH - CAÑO CUADRADO,6004,"Buje construido en acero 1045, con cadmiado, según plano Nueva version cambia longuitud ver planos CADMIADO",2.0,UN,PLEGADO 26 ( Soporte caja distribuidora),,305.11C.06.6004,FRENO Y SUSPENSION
BATEA-305,BATEA 305 ECLH - CAÑO CUADRADO,,Tuerca redonda esp. 42mm,4.0,UN,PLEGADO 26 ( Soporte caja distribuidora),,Generar Codigo,FERRETERIA
BATEA-305,BATEA 305 ECLH - CAÑO CUADRADO,6015,Rueda metalica de accionamiento de bandera A5 en con rodamiento 6206 en su interior segum plano,2.0,UN,PLEGADO 26 ( Soporte caja distribuidora),,,FRENO Y SUSPENSION
BATEA-305,BATEA 305 ECLH - CAÑO CUADRADO,130,"Bulón 1"" X 6",4.0,UN,PLEGADO 26 ( Soporte caja distribuidora),Grado 5/ 8.8,,FERRETERIA
BATEA-305,BATEA 305 ECLH - CAÑO CUADRADO,154,"BULON 1""W X 8",2.0,UN,PLEGADO 26 ( Soporte caja distribuidora),Grado 1,,FERRETERIA
BATEA-305,BATEA 305 ECLH - CAÑO CUADRADO,10,BULON DE 5/16 X 2 ( TODO ROSCA),10.0,UN,PLEGADO 26 ( Soporte caja distribuidora),"Grado 1 - (revisar codigo ACLARAR TIPO DE ROSCA ""Whitworth"")",,FERRETERIA
BATEA-305,BATEA 305 ECLH - CAÑO CUADRADO,12,BULON DE 1/4 X 1,24.0,UN,PLEGADO 26 ( Soporte caja distribuidora),Grado 1,,FERRETERIA
BATEA-305,BATEA 305 ECLH - CAÑO CUADRADO,15,BULON 3/16 X 2 ( TODO ROSCA),20.0,UN,PLEGADO 26 ( Soporte caja distribuidora),Grado 1,,FERRETERIA
BATEA-305,BATEA 305 ECLH - CAÑO CUADRADO,30,BULON DE ACERO PASO GRUESO 3/8 X 1,2.0,UN,PLEGADO 26 ( Soporte caja distribuidora),Grado 5/ 8.8,,FERRETERIA
BATEA-305,BATEA 305 ECLH - CAÑO CUADRADO,99,BULON 5/8 X 5 PG,2.0,UN,PLEGADO 26 ( Soporte caja distribuidora),Grado 1,,FERRETERIA
BATEA-305,BATEA 305 ECLH - CAÑO CUADRADO,117,BULON DE 1 1/8 X 7,4.0,UN,PLEGADO 26 ( Soporte caja distribuidora),Grado 5/ 8.8,,FERRETERIA
BATEA-305,BATEA 305 ECLH - CAÑO CUADRADO,118,BULON DE 1 1/4 X 5,2.0,UN,PLEGADO 26 ( Soporte caja distribuidora),"Grado 5/ 8.8 - (revisar codigo ACLARAR TIPO DE ROSCA ""Whitworth"")",,FERRETERIA
BATEA-305,BATEA 305 ECLH - CAÑO CUADRADO,124,BULON DE 7/8 X 3,2.0,UN,PLEGADO 26 ( Soporte caja distribuidora),Grado 5/ 8.8,,FERRETERIA
BATEA-305,BATEA 305 ECLH - CAÑO CUADRADO,106,BULON DE 5/8 X 2 PASO GRUESO,8.0,UN,PLEGADO 26 ( Soporte caja distribuidora),Grado 5 / 8.8 AJUSTE 22/01,,FERRETERIA
BATEA-305,BATEA 305 ECLH - CAÑO CUADRADO,100,BULON 5/8 X 1 PG,10.0,UN,PLEGADO 26 ( Soporte caja distribuidora),Grado 5 / 8.8,,FERRETERIA
BATEA-305,BATEA 305 ECLH - CAÑO CUADRADO,137,BULON 3/16 X 2 1/2,10.0,UN,PLEGADO 26 ( Soporte caja distribuidora),Grado 1,,FERRETERIA
BATEA-305,BATEA 305 ECLH - CAÑO CUADRADO,38,"BULON DE 1""W x 9"" CON TUERCA Y 2 ARANDELAS PLANAS",6.0,UN,PLEGADO 26 ( Soporte caja distribuidora),Grado 1,,FERRETERIA
BATEA-305,BATEA 305 ECLH - CAÑO CUADRADO,206,TUERCA 5/16 P.G.,20.0,UN,PLEGADO 26 ( Soporte caja distribuidora),Grado 1,,FERRETERIA
BATEA-305,BATEA 305 ECLH - CAÑO CUADRADO,231,TUERCA 1 1/4 W,2.0,UN,PLEGADO 26 ( Soporte caja distribuidora),Grados 5 / 8.8,,FERRETERIA
BATEA-305,BATEA 305 ECLH - CAÑO CUADRADO,208,TUERCAS 3/8 P.G.,8.0,UN,PLEGADO 26 ( Soporte caja distribuidora),Grados 5 / 8.8,,FERRETERIA
BATEA-305,BATEA 305 ECLH - CAÑO CUADRADO,209,TUERCAS 1/4,30.0,UN,PLEGADO 26 ( Soporte caja distribuidora),"Grado 1 // (revisar codigo ACLARAR TIPO DE ROSCA ""Whitworth"")",,FERRETERIA
BATEA-305,BATEA 305 ECLH - CAÑO CUADRADO,217,TUERCAS 1/2 P.G.,20.0,UN,PLEGADO 26 ( Soporte caja distribuidora),Grado 1,,FERRETERIA
BATEA-305,BATEA 305 ECLH - CAÑO CUADRADO,218,TUERCA MARIPOSA DE 1/2 PG,8.0,UN,PLEGADO 26 ( Soporte caja distribuidora),Grado 1,,FERRETERIA
BATEA-305,BATEA 305 ECLH - CAÑO CUADRADO,219,TUERCAS 5/8 P.G.COMUNES Grado 2/ 5.6,30.0,UN,PLEGADO 26 ( Soporte caja distribuidora),Grado 1 AJUSTE 22/01,,FERRETERIA
BATEA-305,BATEA 305 ECLH - CAÑO CUADRADO,236,TUERCAS 5/8 P.G.AUTOFRENANTE,2.0,UN,PLEGADO 26 ( Soporte caja distribuidora),Grado 5/8.8,,FERRETERIA
BATEA-305,BATEA 305 ECLH - CAÑO CUADRADO,237,Tuerca 7/8 paso grueso comunes,3.0,UN,PLEGADO 26 ( Soporte caja distribuidora),Grado 5/8.8,,FERRETERIA
BATEA-305,BATEA 305 ECLH - CAÑO CUADRADO,233,TUERCA DE 1 1/8,2.0,UN,PLEGADO 26 ( Soporte caja distribuidora),Grado 5/8.8,,FERRETERIA
BATEA-305,BATEA 305 ECLH - CAÑO CUADRADO,244,"TUERCA DE 3/16"" P.G. ( CON CUERPO ALTO )",30.0,UN,PLEGADO 26 ( Soporte caja distribuidora),Grado 1,,FERRETERIA
BATEA-305,BATEA 305 ECLH - CAÑO CUADRADO,301,ARANDELAS PLANA 3/16,40.0,UN,PLEGADO 26 ( Soporte caja distribuidora),"Øinterior 5,20mm; Øexterior 13mm; Espesor 1mm",,FERRETERIA
BATEA-305,BATEA 305 ECLH - CAÑO CUADRADO,303,ARANDELAS PLANA 1/4,50.0,UN,PLEGADO 26 ( Soporte caja distribuidora),"Øinterior 7mm; Øexterior 14mm; Espesor 1,50mm",,FERRETERIA
BATEA-305,BATEA 305 ECLH - CAÑO CUADRADO,305,"ARANDELAS PLANA ZINC 5/16""",20.0,UN,PLEGADO 26 ( Soporte caja distribuidora),"Øinterior 9mm; Øexterior 18mm; Espesor 1,50mm",,FERRETERIA
BATEA-305,BATEA 305 ECLH - CAÑO CUADRADO,307,ARANDELA PLANA DE 3/8,8.0,UN,PLEGADO 26 ( Soporte caja distribuidora),"Øinterior 10,50mm; Øexterior 20mm; Espesor 1,50mm",,FERRETERIA
BATEA-305,BATEA 305 ECLH - CAÑO CUADRADO,310,ARANDELA PLANA DE 7/8,140.0,UN,PLEGADO 26 ( Soporte caja distribuidora),"Øinterior 23,50mm; Øexterior 45mm; Espesor 2mm",,FERRETERIA
BATEA-305,BATEA 305 ECLH - CAÑO CUADRADO,311,ARANDELA PLANA 1/2,10.0,UN,PLEGADO 26 ( Soporte caja distribuidora),Øinterior 14mm; Øexterior 27mm; Espesor 2mm,,FERRETERIA
BATEA-305,BATEA 305 ECLH - CAÑO CUADRADO,321,ARANDELA DE 5/8,20.0,UN,PLEGADO 26 ( Soporte caja distribuidora),"Øinterior 17mm; Øexterior 33mm; Espesor 2,50mm",,FERRETERIA
BATEA-305,BATEA 305 ECLH - CAÑO CUADRADO,336,"TORNILLO AUTORROSCANTE DE 1/4 X 1 """,50.0,UN,PLEGADO 26 ( Soporte caja distribuidora),tornillo autoroscante de con cabeza hexagonal y arandela de goma,,FERRETERIA
BATEA-305,BATEA 305 ECLH - CAÑO CUADRADO,1007,CADENA N 25,4.0,MTS,PLEGADO 26 ( Soporte caja distribuidora),Rollo x Cadena N°25,,FERRETERIA
BATEA-305,BATEA 305 ECLH - CAÑO CUADRADO,1064,VARILLA ROSCADA 1/2,1.0,MTS,PLEGADO 26 ( Soporte caja distribuidora),Varilla Roscada c/rosca Whitworth SAE 1010,,HIERROS
BATEA-305,BATEA 305 ECLH - CAÑO CUADRADO,1090,Chaveta partida de 5 mm x 50 mm,50.0,UN,PLEGADO 26 ( Soporte caja distribuidora),Chaveta partida de 5 x 50 mm de acero bajo en carbono exc stock,,FERRETERIA
BATEA-305,BATEA 305 ECLH - CAÑO CUADRADO,1088,Chaveta partida de 5 mm x 70 mm,20.0,UN,PLEGADO 26 ( Soporte caja distribuidora),Chaveta partida de 5 x 70 mm de acero bajo en carbono exc stock,,FERRETERIA
BATEA-305,BATEA 305 ECLH - CAÑO CUADRADO,,CHAVETA TIPO ALFILER,65.0,UN,PLEGADO 26 ( Soporte caja distribuidora),Chaveta Tipo Alfiler de acero alto en carbono de 4 x 100mm,Generar Codigo,FERRETERIA
BATEA-305,BATEA 305 ECLH - CAÑO CUADRADO,01091,"GRAMPA MEDIA OMEGA 5/8"" MARCA FISHER",120.0,UN,PLEGADO 26 ( Soporte caja distribuidora),"Grampas media OMEGA 5/8 con acabado Zinc, marca Fisher",,FERRETERIA
BATEA-305,BATEA 305 ECLH - CAÑO CUADRADO,1105,LINGA DE 8MM FORRADA,90.0,MTS,PLEGADO 26 ( Soporte caja distribuidora),"Ø cable galvanizado 5,5 (± 0,5) Ø plástico 8mm (± 0,5)",,FERRETERIA
BATEA-305,BATEA 305 ECLH - CAÑO CUADRADO,1170,PRENSA CABLES BHIEL 3/8,16.0,UN,PLEGADO 26 ( Soporte caja distribuidora),"Prensa Cable 3/8"" - M8 316",,ELECTRICIDAD
BATEA-305,BATEA 305 ECLH - CAÑO CUADRADO,5202,TENSOR PARA LINGA,6.0,UN,PLEGADO 26 ( Soporte caja distribuidora),Tensor de cable de acero modelo anilla a gancho de rosca 7/16 de longitud: Cerrado 250mm; Abierto 350mm,,FERRETERIA
BATEA-305,BATEA 305 ECLH - CAÑO CUADRADO,6620,PRECINTOS P/CABLE GRANDES,450.0,UN,PLEGADO 26 ( Soporte caja distribuidora),"Precintos ded Nylon 66 de 250mm de longitud y 4,8mm de ancho",,FERRETERIA
BATEA-305,BATEA 305 ECLH - CAÑO CUADRADO,238,"Tuerca 1"" W comun",8.0,UN,PLEGADO 26 ( Soporte caja distribuidora),Grado 2/ 5.6,,FERRETERIA
BATEA-305,BATEA 305 ECLH - CAÑO CUADRADO,,Tuerca Remache Aluminio Roscado M4,40.0,UN,PLEGADO 26 ( Soporte caja distribuidora),,Generar Codigo,FERRETERIA
BATEA-305,BATEA 305 ECLH - CAÑO CUADRADO,,Tornillo Cabeza Tanque zincado M4x20mm,40.0,UN,PLEGADO 26 ( Soporte caja distribuidora),,Generar Codigo,FERRETERIA
BATEA-305,BATEA 305 ECLH - CAÑO CUADRADO,1107,REMACHES POP 5X16,50.0,UN,PLEGADO 26 ( Soporte caja distribuidora),Renaches pop de Aluminio 5x16,,FERRETERIA
BATEA-305,BATEA 305 ECLH - CAÑO CUADRADO,348,TORNILLO CAB HEX. 1/4 X 1 1/4 CON TUERCA AUTO FRENANTE,200.0,UN,PLEGADO 26 ( Soporte caja distribuidora),,,FERRETERIA
BATEA-305,BATEA 305 ECLH - CAÑO CUADRADO,,"TORNILLO CAB HEX 1/4 X 2 "" TODO ROSCA CON TUERCA AUTO FRENANTE",150.0,UN,PLEGADO 26 ( Soporte caja distribuidora),,GENERAR CODIGO,FERRETERIA
BATEA-305,BATEA 305 ECLH - CAÑO CUADRADO,,"ARANDELA DE GOMA VULCANIZADA DE 1/4 """,350.0,UN,PLEGADO 26 ( Soporte caja distribuidora),,GENERAR CODIGO,FERRETERIA
BATEA-305,BATEA 305 ECLH - CAÑO CUADRADO,10017,VIDRIO RECTANGULAR BLANCO,25.0,UN,PLEGADO 26 ( Soporte caja distribuidora),107 x 50mm,,FERRETERIA
BATEA-305,BATEA 305 ECLH - CAÑO CUADRADO,10019,VIDRIO REDONDO BLANCO,2.0,UN,PLEGADO 26 ( Soporte caja distribuidora),Ø50mm ( excesivo stock ),,FERRETERIA
BATEA-305,BATEA 305 ECLH - CAÑO CUADRADO,10021,CINTAS METRICAS DE 5 MTS,2.0,UN,PLEGADO 26 ( Soporte caja distribuidora),"Cinta Metrica EVEL de 5mts Homologada, A235, DNCI n°311/2001",,FERRETERIA
BATEA-305,BATEA 305 ECLH - CAÑO CUADRADO,,FIBRON TIPO INDELEBLE,3.0,UN,PLEGADO 26 ( Soporte caja distribuidora),COLOR NEGRO,,FERRETERIA
BATEA-305,BATEA 305 ECLH - CAÑO CUADRADO,,FIBRON LIQUI -PAPER,8.0,UN,PLEGADO 26 ( Soporte caja distribuidora),,Generar Codigo,FERRETERIA
BATEA-305,BATEA 305 ECLH - CAÑO CUADRADO,10023,ROLLOS DE CINTA AISLADORA NEGRA,6.0,UN,PLEGADO 26 ( Soporte caja distribuidora),,Generar Codigo,FERRETERIA
BATEA-305,BATEA 305 ECLH - CAÑO CUADRADO,10024,DOCENAS DE GUANTES PARA SOLDAR,2.0,DOC,PLEGADO 26 ( Soporte caja distribuidora),"Guante para soldar de descarne tipo pampero o similiar con puño de cuero, PUÑO LARGO SIN EXCEPCIÓN, con forro interno",,EPP
BATEA-305,BATEA 305 ECLH - CAÑO CUADRADO,10025,"CAJAS DE DISCO DE SENSITIVA 350X3,2X25,4 ( de marca TYROLIT )",0.5,CJ,PLEGADO 26 ( Soporte caja distribuidora),,,FERRETERIA
BATEA-305,BATEA 305 ECLH - CAÑO CUADRADO,10542,"DISCOS DE 4"" DE CORTE (MARCA TYROLIT)",15.0,UN,PLEGADO 26 ( Soporte caja distribuidora),,,FERRETERIA
BATEA-305,BATEA 305 ECLH - CAÑO CUADRADO,10543,"DISCOS DE 4"" DESBASTE (MARCA TYROLIT)",10.0,UN,PLEGADO 26 ( Soporte caja distribuidora),,,FERRETERIA
BATEA-305,BATEA 305 ECLH - CAÑO CUADRADO,10550,"DISCO DE 4 "" FLAP ( MARCA TYROLIT )",2.0,UN,PLEGADO 26 ( Soporte caja distribuidora),,,FERRETERIA
BATEA-305,BATEA 305 ECLH - CAÑO CUADRADO,10026,ACOPLES RAPIDO COMPLETO DE 1/2 CARGA INSTAN,1.0,UN,PLEGADO 26 ( Soporte caja distribuidora),,,HIDRAULICA
BATEA-305,BATEA 305 ECLH - CAÑO CUADRADO,10027,POMOS DE FASTIX PARA MAQUINA,1.0,UN,PLEGADO 26 ( Soporte caja distribuidora),,,FERRETERIA
BATEA-305,BATEA 305 ECLH - CAÑO CUADRADO,10028,DELANTALES PARA SOLDAR,6.0,UN,PLEGADO 26 ( Soporte caja distribuidora),Con proteccion de plomo,,SOLDADURA
BATEA-305,BATEA 305 ECLH - CAÑO CUADRADO,1253,ACEITE SOLUBLE PARA SIERRA DE CORTE,0.5,LTS,PLEGADO 26 ( Soporte caja distribuidora),,,ACEITES
BATEA-305,BATEA 305 ECLH - CAÑO CUADRADO,10551,HOJA PARA SIERRA ANGULAR MARCA ARGENCORT MODELO Z8 CN G60,0.5,UN,PLEGADO 26 ( Soporte caja distribuidora),,,FERRETERIA
BATEA-305,BATEA 305 ECLH - CAÑO CUADRADO,10029,MASCARAS PARA SOLDAR,0.5,UN,PLEGADO 26 ( Soporte caja distribuidora),NO FOTOCROMÁTICA,,EPP
BATEA-305,BATEA 305 ECLH - CAÑO CUADRADO,10491,"DISCOS DE AMOLAR 7""X1/4X7/8 ( MARCA TYROLIT )",4.0,CJ,PLEGADO 26 ( Soporte caja distribuidora),ver codigo,,FERRETERIA
BATEA-305,BATEA 305 ECLH - CAÑO CUADRADO,10034,"MECHAS DE 5,25 MM",8.0,UN,PLEGADO 26 ( Soporte caja distribuidora),,,FERRETERIA
BATEA-305,BATEA 305 ECLH - CAÑO CUADRADO,10035,CANDADO SEKUR 50,0.5,UN,PLEGADO 26 ( Soporte caja distribuidora),,,FERRETERIA
BATEA-305,BATEA 305 ECLH - CAÑO CUADRADO,10036,WD40 X 432 CM3,0.5,UN,PLEGADO 26 ( Soporte caja distribuidora),,,FERRETERIA
BATEA-305,BATEA 305 ECLH - CAÑO CUADRADO,,PIEDRA ABSORVENTE GRANULADO INDUSTRIAL ( en bolsa de 10 kg),5.0,KG,PLEGADO 26 ( Soporte caja distribuidora),(Para derrames de hidrocarburos),Generar Codigo,FERRETERIA
BATEA-305,BATEA 305 ECLH - CAÑO CUADRADO,,LAMPARA COLGANTE INDUSTRIAL GALPONERO LED 200W -220 V ( 288 mm de diamtro aprox),0.25,UN,PLEGADO 26 ( Soporte caja distribuidora),,Generar Codigo,ELECTRICIDAD
BATEA-305,BATEA 305 ECLH - CAÑO CUADRADO,10044,KG DE TRAPOS (BOLSA X5 kG),1.0,UN,PLEGADO 26 ( Soporte caja distribuidora),,,FERRETERIA
BATEA-305,BATEA 305 ECLH - CAÑO CUADRADO,,ADHESIVO DE CONTACTO DE USO INDUSTRIAL X 1/2 LTS,0.25,UN,PLEGADO 26 ( Soporte caja distribuidora),TIPO POXIRAN,Generar Codigo,FERRETERIA
BATEA-305,BATEA 305 ECLH - CAÑO CUADRADO,,BURLETE DE GOMA ESPONJOSA DE 10 MM X 40 MM X 10 MTS,0.5,UN,PLEGADO 26 ( Soporte caja distribuidora),,Generar Codigo,FERRETERIA
BATEA-305,BATEA 305 ECLH - CAÑO CUADRADO,10045,ROLLOS DE TEFLON,4.0,UN,PLEGADO 26 ( Soporte caja distribuidora),,,FERRETERIA
BATEA-305,BATEA 305 ECLH - CAÑO CUADRADO,10057,ENCHUFES MACHO TIPO SETECK TRFASICO 4 PATAS (medida grande),0.5,UN,PLEGADO 26 ( Soporte caja distribuidora),,,ELECTRICIDAD
BATEA-305,BATEA 305 ECLH - CAÑO CUADRADO,10058,ENCHUFES HEMBRA TIPO SETECK TRFASICO 4 PATAS (medida grande),0.5,UN,PLEGADO 26 ( Soporte caja distribuidora),,,ELECTRICIDAD
BATEA-305,BATEA 305 ECLH - CAÑO CUADRADO,10059,MECHAS DE 10 MM,0.5,UN,PLEGADO 26 ( Soporte caja distribuidora),,,FERRETERIA
BATEA-305,BATEA 305 ECLH - CAÑO CUADRADO,10063,PINZAS PARA MASA,0.1,UN,PLEGADO 26 ( Soporte caja distribuidora),,,FERRETERIA
BATEA-305,BATEA 305 ECLH - CAÑO CUADRADO,10071,MECHAS DE 8MM,0.5,UN,PLEGADO 26 ( Soporte caja distribuidora),,,FERRETERIA
BATEA-305,BATEA 305 ECLH - CAÑO CUADRADO,10136,FAJA LUMBAR,1.0,UN,PLEGADO 26 ( Soporte caja distribuidora),,,FERRETERIA
BATEA-305,BATEA 305 ECLH - CAÑO CUADRADO,10137,MANGA PARA SOLDAR,2.0,PAR,PLEGADO 26 ( Soporte caja distribuidora),cuerno de descarne,,SOLDADURA
BATEA-305,BATEA 305 ECLH - CAÑO CUADRADO,10073,ANTIPARRAS PARA PLASMA (REDONDO),0.5,UN,PLEGADO 26 ( Soporte caja distribuidora),,,EPP
BATEA-305,BATEA 305 ECLH - CAÑO CUADRADO,10085,LA GOTITA,0.25,UN,PLEGADO 26 ( Soporte caja distribuidora),,,FERRETERIA
BATEA-305,BATEA 305 ECLH - CAÑO CUADRADO,10086,ESCOBA C/PALO,0.25,UN,PLEGADO 26 ( Soporte caja distribuidora),,,FERRETERIA
BATEA-305,BATEA 305 ECLH - CAÑO CUADRADO,,ESCOBILLON TIPO ANDEN c/PALO LARGO,0.25,UN,PLEGADO 26 ( Soporte caja distribuidora),LARGO 80 CM,Generar Codigo,FERRETERIA
BATEA-305,BATEA 305 ECLH - CAÑO CUADRADO,10110,CINTAS METRICAS 25 MTS ( Metalica ),0.1,UN,PLEGADO 26 ( Soporte caja distribuidora),"Cinta Metrica EVEL de 25 mts Homologada, A235, DNCI n°311/2001",,FERRETERIA
BATEA-305,BATEA 305 ECLH - CAÑO CUADRADO,10468,TUBO PARA TORNILLO AUTORROSCANTE DE 3/8,0.1,UN,PLEGADO 26 ( Soporte caja distribuidora),,solo cambio la medida,HIERROS
BATEA-305,BATEA 305 ECLH - CAÑO CUADRADO,10266,CARETA PLASTICA FRAVIDA VISOR LEVADIZO,0.2,UN,PLEGADO 26 ( Soporte caja distribuidora),,,FERRETERIA
BATEA-305,BATEA 305 ECLH - CAÑO CUADRADO,10425,Lapiz metalico para trazado,0.1,UN,PLEGADO 26 ( Soporte caja distribuidora),,,FERRETERIA
BATEA-305,BATEA 305 ECLH - CAÑO CUADRADO,10359,GUANTES MOTEADOS,16.0,UN,PLEGADO 26 ( Soporte caja distribuidora),,,EPP
BATEA-305,BATEA 305 ECLH - CAÑO CUADRADO,10427,ANTEOJO DE SEGURIDAD COLOR NEGRO,2.0,UN,PLEGADO 26 ( Soporte caja distribuidora),,,FERRETERIA
BATEA-305,BATEA 305 ECLH - CAÑO CUADRADO,10018,VIDRIOS NEGROS PARA CARETA N° 10,4.0,UN,PLEGADO 26 ( Soporte caja distribuidora),107 x 50mm,,FERRETERIA
BATEA-305,BATEA 305 ECLH - CAÑO CUADRADO,10426,VIDRIOS NEGROS PARA CARETA N° 12,4.0,UN,PLEGADO 26 ( Soporte caja distribuidora),107 x 50mm,,FERRETERIA
BATEA-305,BATEA 305 ECLH - CAÑO CUADRADO,10080,"MECHA DE 6,5",3.0,UN,PLEGADO 26 ( Soporte caja distribuidora),,,FERRETERIA
BATEA-305,BATEA 305 ECLH - CAÑO CUADRADO,10139,CINTA DE PAPEL,2.0,UN,PLEGADO 26 ( Soporte caja distribuidora),,,FERRETERIA
BATEA-305,BATEA 305 ECLH - CAÑO CUADRADO,10340,HILO DE ALBAÑIL,0.1,UN,PLEGADO 26 ( Soporte caja distribuidora),,,FERRETERIA
BATEA-305,BATEA 305 ECLH - CAÑO CUADRADO,10176,CEPILLO DE ALAMBRE CON MANGO,0.5,UN,PLEGADO 26 ( Soporte caja distribuidora),con mango de madera,,HIERROS
BATEA-305,BATEA 305 ECLH - CAÑO CUADRADO,,CAJA DE TIZA,0.25,UN,PLEGADO 26 ( Soporte caja distribuidora),DE 100 UNIDADES,GENERAR CODIGO,FERRETERIA
BATEA-305,BATEA 305 ECLH - CAÑO CUADRADO,,PROTECTOR AUDITIVOS,0.25,UN,PLEGADO 26 ( Soporte caja distribuidora),"DE SILICONA CON CORDON, CAJA DE 100 UNIDADES",GENERAR CODIGO,FERRETERIA
BATEA-305,BATEA 305 ECLH - CAÑO CUADRADO,,BARBIJOS CON FILTRO DESCARTABLES,10.0,UN,PLEGADO 26 ( Soporte caja distribuidora),,GENERAR CODIGO,EPP
BATEA-305,BATEA 305 ECLH - CAÑO CUADRADO,,GOTAS PARA LOS OJOS TIPO COLIRIO,1.0,UN,PLEGADO 26 ( Soporte caja distribuidora),INDICADO PARA EL DESCANSO DE OJO DEL SOLDADOR,GENERAR CODIGO,FERRETERIA
BATEA-305,BATEA 305 ECLH - CAÑO CUADRADO,10042,NIVEL DE GOTA ( Marca Bremen),0.5,UN,PLEGADO 26 ( Soporte caja distribuidora),Marca Bremen,,FERRETERIA
BATEA-305,BATEA 305 ECLH - CAÑO CUADRADO,10037,HOJAS DE SIERRA 24 DIENTES ( Marca Bremen),10.0,UN,PLEGADO 26 ( Soporte caja distribuidora),Marca Bremen,,FERRETERIA
BATEA-305,BATEA 305 ECLH - CAÑO CUADRADO,10047,ARCOS DE SIERRAS EXTENSIBLES,0.1,UN,PLEGADO 26 ( Soporte caja distribuidora),,,FERRETERIA
BATEA-305,BATEA 305 ECLH - CAÑO CUADRADO,10101,GUANTES PVC,0.1,UN,PLEGADO 26 ( Soporte caja distribuidora),,,EPP
BATEA-305,BATEA 305 ECLH - CAÑO CUADRADO,10050,CRIQUET BOTELLA 12 TONELADAS,0.1,UN,PLEGADO 26 ( Soporte caja distribuidora),,,FERRETERIA
BATEA-305,BATEA 305 ECLH - CAÑO CUADRADO,10466,CUTER,0.5,UN,PLEGADO 26 ( Soporte caja distribuidora),,,FERRETERIA
BATEA-305,BATEA 305 ECLH - CAÑO CUADRADO,10030,MTS DE MANGUERA PLASTICA DE 11 ALTA PRES 1/2,5.0,MTS,PLEGADO 26 ( Soporte caja distribuidora),,,HIDRAULICA
BATEA-305,BATEA 305 ECLH - CAÑO CUADRADO,10165,PORTA PUNTA DE CONTACTO STANDARD TORCHA 25,4.0,UN,PLEGADO 26 ( Soporte caja distribuidora),,,SOLDADURA
BATEA-305,BATEA 305 ECLH - CAÑO CUADRADO,10189,"Rollo de estaño 0,7mm de 250gr",0.1,UN,PLEGADO 26 ( Soporte caja distribuidora),60 % Estaño 40 % Plomo,,FERRETERIA
BATEA-305,BATEA 305 ECLH - CAÑO CUADRADO,10552,AEROSOL DE TINTA PENETRANTE ( MARCA SPOT CHECK ) SKL - WP,0.1,UN,PLEGADO 26 ( Soporte caja distribuidora),En aerosol de 280 g / 405 ml - penetrante visible lavable con agua tipo 2 - metodo A - nivel 2,,PINTURA
BATEA-305,BATEA 305 ECLH - CAÑO CUADRADO,10553,AEROSOL REVELADOR DE TINTAS PENETRANTE ( MARCA ( MARCA SPOT CHEK ) SKD - S2,0.1,UN,PLEGADO 26 ( Soporte caja distribuidora),En aerosol de 330 g - revelador ASTM E1417,,PINTURA
BATEA-305,BATEA 305 ECLH - CAÑO CUADRADO,1134,Conjunto de pecho en chapa Domex,1.0,UN,PLEGADO 26 ( Soporte caja distribuidora),Chapa Domex,305.11C.01.00004,GUIAS RAMPAS Y PECHO
BATEA-305,BATEA 305 ECLH - CAÑO CUADRADO,1176,CARTEL INTERNACIONAL DE 1.5 MTS. X 2 MTS.,1.0,UN,PLEGADO 26 ( Soporte caja distribuidora),,305.11C.06.00000,CALCOS Y CARTELES
BATEA-305,BATEA 305 ECLH - CAÑO CUADRADO,1187,NUMEROS ( SOLO NUMEROS 1-2-3 Y 4,12.0,UN,PLEGADO 26 ( Soporte caja distribuidora),"Tipografía ""Impact"" (12x6) Tamaño 118mm",Hernan Braga Menendez,FERRETERIA
BATEA-305,BATEA 305 ECLH - CAÑO CUADRADO,1185,CALCO GRANDE,2.0,UN,PLEGADO 26 ( Soporte caja distribuidora),,Hernan Braga Menendez,CALCOS Y CARTELES
BATEA-305,BATEA 305 ECLH - CAÑO CUADRADO,,PLANCHA CALCOS COLORES 10 mm de diametro,4.0,UN,PLEGADO 26 ( Soporte caja distribuidora),Calcos indicadores de sistema hidráulico (1 PLANCHA CONTENIENDO 10 COLORES DIFERENTES X DUPILCADO),Generar Codigo,CALCOS Y CARTELES
BATEA-305,BATEA 305 ECLH - CAÑO CUADRADO,,Flecha indicatoria sube y baja,6.0,UN,PLEGADO 26 ( Soporte caja distribuidora),Leyenda ( Sube + Baja + flechas ) 15 mm de alto,Generar Codigo,FERRETERIA
BATEA-305,BATEA 305 ECLH - CAÑO CUADRADO,1189,"tara 17,500 cm 34,500",1.0,UN,PLEGADO 26 ( Soporte caja distribuidora),"Tipografía ""Block Wide Bold"" Tamaño 37mm",Hernan Braga Menendez,FERRETERIA
BATEA-305,BATEA 305 ECLH - CAÑO CUADRADO,1184,maxima 80,2.0,UN,PLEGADO 26 ( Soporte caja distribuidora),Círculo reflectivo Velocidad Máxima 80 Panal abeja Blanco,Hernan Braga Menendez,FERRETERIA
BATEA-305,BATEA 305 ECLH - CAÑO CUADRADO,1182,reflectiva cebrada,2.0,UN,PLEGADO 26 ( Soporte caja distribuidora),Cinta reflectiva grado diamante color blanca y roja cebrada de 75mm de ancho x 500mm de largo,,CALCOS Y CARTELES
BATEA-305,BATEA 305 ECLH - CAÑO CUADRADO,1183,"BANDA REFLECTIVA INTERNACIONAL DE 0,50 X 30 CM",48.0,UN,PLEGADO 26 ( Soporte caja distribuidora),Cinta reflectiva grado diamante color blanca y roja de 50mm de ancho x 300mm de largo,,CALCOS Y CARTELES
BATEA-305,BATEA 305 ECLH - CAÑO CUADRADO,1210,LIQUIDO HIDRAULICO BP 46,160.0,LTS,PLEGADO 26 ( Soporte caja distribuidora),Grado ISO 46; MARCA YPF,,ACEITES
BATEA-305,BATEA 305 ECLH - CAÑO CUADRADO,10070,GRASA LIMIT MO2,0.3,KG,PLEGADO 26 ( Soporte caja distribuidora),"Grado NGLI 2, de litio con bisulfuro de molibdeno; MARCA YPF, EN LATA DE 18 KG SIN EXCEPCIÓN.",,ACEITES
BATEA-305,BATEA 305 ECLH - CAÑO CUADRADO,1010,TACO DE GOMA,2.0,UN,PLEGADO 26 ( Soporte caja distribuidora),,305.11C.05.00012,TACOS
BATEA-305,BATEA 305 ECLH - CAÑO CUADRADO,10003,KG DE CO2 (TUBOS DE 25 KG),250.0,KG,PLEGADO 26 ( Soporte caja distribuidora),(RECARGA 10 TUBOS POR BATEA),,FERRETERIA
BATEA-305,BATEA 305 ECLH - CAÑO CUADRADO,10005,"ROLLO DE ALAMBRE PARA SOLDAR 1,2 MM X 15 KG",6.0,UN,PLEGADO 26 ( Soporte caja distribuidora),ISO 14341 A G 42 3 M G3Si1,,SOLDADURA
BATEA-305,BATEA 305 ECLH - CAÑO CUADRADO,10089,MANOMETRO PARA CO2 + REGULADOR DE PRESION,0.25,UN,PLEGADO 26 ( Soporte caja distribuidora),"Manometro (Rango: 0-400 bar) / Regulador : Presión de Entrada 200bar, Regulador : Presión de Salida 2,5bar; Caudal Nominal 30l/min para rosca fina UNF 7/8 (14h)",,FERRETERIA
BATEA-305,BATEA 305 ECLH - CAÑO CUADRADO,10007,"MD 9 PUNTA DE CONTACTO 1,2",14.0,UN,PLEGADO 26 ( Soporte caja distribuidora),,,FERRETERIA
BATEA-305,BATEA 305 ECLH - CAÑO CUADRADO,10008,PD 0063-11 BOQUILLA LARGA DURACION,30.0,UN,PLEGADO 26 ( Soporte caja distribuidora),,,FERRETERIA
BATEA-305,BATEA 305 ECLH - CAÑO CUADRADO,10009,PR 0065 ELECTRODO LARGO HF CB 50 (1518H),30.0,UN,PLEGADO 26 ( Soporte caja distribuidora),,,SOLDADURA
BATEA-305,BATEA 305 ECLH - CAÑO CUADRADO,10015,ANTIADHERENTE PARA SOLDADURA AEROSOL ( OPCION EN PASTA ) IDEAL 50 Y 50 DEL TOTAL,3.0,UN,PLEGADO 26 ( Soporte caja distribuidora),,,SOLDADURA
BATEA-305,BATEA 305 ECLH - CAÑO CUADRADO,10093,MC TOBERA EXTERNA PLUS 25 (0023),8.0,UN,PLEGADO 26 ( Soporte caja distribuidora),,,SOLDADURA
BATEA-305,BATEA 305 ECLH - CAÑO CUADRADO,10094,TORCHA PARA PLASMA CB 50,0.25,UN,PLEGADO 26 ( Soporte caja distribuidora),,,SOLDADURA
BATEA-305,BATEA 305 ECLH - CAÑO CUADRADO,10134,TORCHA PARA MIG,0.25,UN,PLEGADO 26 ( Soporte caja distribuidora),,,SOLDADURA
BATEA-305,BATEA 305 ECLH - CAÑO CUADRADO,10010,PE 0007 DIFUSOR AIRE HY 40 CB 50,2.0,UN,PLEGADO 26 ( Soporte caja distribuidora),,,FERRETERIA
BATEA-305,BATEA 305 ECLH - CAÑO CUADRADO,10014,PC 003 TOBERA EXTERNA DE PROTECCION ( PLASMA ),0.1,UN,PLEGADO 26 ( Soporte caja distribuidora),,,SOLDADURA
BATEA-305,BATEA 305 ECLH - CAÑO CUADRADO,10166,SIRGA PARA MIG,0.5,UN,PLEGADO 26 ( Soporte caja distribuidora),,,SOLDADURA
BATEA-305,BATEA 305 ECLH - CAÑO CUADRADO,8104,"CLAN CIERRE RAPIDO VERTICAL BRAZO ""U"" (MODELO CRU12U)",2.0,UN,CIERRE PARA BATEA,"CIERRE RAPIDO VERTICAL BRAZO ""U"" CORREDERA BASE PLANA, MODELO CR 12 U, EN ACERO SAE 1010, TERMINACIÓN ZINCADA, FUERZA DE RETENCION: 280 KG, PESO APROX: 580 GRS, MOVIMIENTO MANIJA 50° - BRAZO 70°, BUJE",,FERRETERIA
KIT-FRENO-SABS,KIT FRENO SIN ABS,3998,CODO DE 3/8 GAS A 3/8 C/VIROLA INCORP,1.0,UN,FRENOS,Codo de 3/8 gas a 3/8 con virola incorporada para tuerca de 9/16,,HIDRAULICA
KIT-FRENO-SABS,KIT FRENO SIN ABS,4072,ADAPTADOR DE 1/4 GAS A 1/2 C/ VIROLA IN,2.0,UN,FRENOS,Adaptador de 1/4 GAS a 1/2 c/ Virola Incorporada y Tuerca de 3/4,,HIDRAULICA
KIT-FRENO-SABS,KIT FRENO SIN ABS,4140,CODO DE 1/2 C/V INC A 3/8 P.GAS ART 009 L 294,1.0,UN,FRENOS,Codo de Bronce de 1/2 c/ Virola incorporada y Tuerca 3/4 a 3/8 GAS,,HIDRAULICA
KIT-FRENO-SABS,KIT FRENO SIN ABS,2085,CODO DE 1/4 NPT,1.0,UN,FRENOS,,,HIDRAULICA
KIT-FRENO-SABS,KIT FRENO SIN ABS,4161,tapon roscado de 1/4,1.0,UN,FRENOS,Tapón Roscado de Hierro 1/4NPT,,HIDRAULICA
KIT-FRENO-SABS,KIT FRENO SIN ABS,4234,R9872 KIT FRENOS SEMI 2 EJES SIN LEVANTE,1.0,UN,FRENOS,Corresponde a Kit R9872 de RG COMERCIAL.,,FRENO Y SUSPENSION
KIT-FRENO-SABS,KIT FRENO SIN ABS,1795,"R 7075 Espiral electrico de 5 fase de 4,5 mts con enganche plastico para ABS",1.0,UN,FRENOS,,,FRENO Y SUSPENSION
KIT-FRENO-SABS,KIT FRENO SIN ABS,4239,R 7448 Manguera de poliamida de 18 x 14 x 5 mts,1.0,UN,FRENOS,Tubo Hytrer negro de 18 exterior x 14 interior,,FRENO Y SUSPENSION
KIT-FRENO-SABS,KIT FRENO SIN ABS,4218,Espiral con punteras amarillas,1.0,UN,FRENOS,Espiral conector de Poliamida Amarillo con conexiones de 3/8NPT de 4.5mts,,FRENO Y SUSPENSION
KIT-FRENO-SABS,KIT FRENO SIN ABS,4219,Espiral con punteras rojas,1.0,UN,FRENOS,Espiral conector de Poliamida Rojo con conexiones de 3/8NPT de 4.5mts,,FRENO Y SUSPENSION
KIT-FRENO-SABS,KIT FRENO SIN ABS,4220,Tubo de poliamida de 3/8,40.0,MTS,FRENOS,"9,52X7,5mmX50mts",,FRENO Y SUSPENSION
KIT-FRENO-SABS,KIT FRENO SIN ABS,4221,Tubo de poliamida de 1/2,20.0,MTS,FRENOS,"12,7X10mmX50mts",,FRENO Y SUSPENSION
KIT-FRENO-SABS,KIT FRENO SIN ABS,4034,PIPETA FIAT 2 LINEAS MACHO (TODOS RECTOS),2.0,UN,FRENOS,Portamangueras 2L. Sin Racord recto con rosca 3/8 GAS,,FRENO Y SUSPENSION
KIT-FRENO-SABS,KIT FRENO SIN ABS,,PIPETA FIAT 2 LINEAS HEMBRA (TODOS RECTOS),2.0,UN,FRENOS,Portamangueras 2L. Sin Racord recto con rosca 3/8 GAS,,FRENO Y SUSPENSION
KIT-FRENO-SABS,KIT FRENO SIN ABS,4069,codo de 1/4 paso gas macho hembra,1.0,UN,FRENOS,"Códo BronceTrafilado 1/4 Hembra 1/4 Macho, paso GAS",,HIDRAULICA
KIT-FRENO-SABS,KIT FRENO SIN ABS,4031,Paso de chapa 3/8,2.0,UN,FRENOS,"Pasachapa con rosca Hembra de 3/8 GAS, Rosca externa para fijación en pasachapa",,HIDRAULICA
